2015-06-09 18:10:00,0.63,0.64,0.62,0.63,818571
2015-06-10 18:10:00,0.64,0.66,0.63,0.65,1447337
2015-06-11 18:10:00,0.65,0.67,0.65,0.66,757750
2015-06-12 18:10:00,0.65,0.66,0.64,0.64,2099412
2015-06-15 18:10:00,0.64,0.66,0.64,0.64,1437961
2015-06-16 18:10:00,0.65,0.65,0.64,0.64,237242
2015-06-17 18:10:00,0.64,0.66,0.64,0.65,1152148
2015-06-18 18:10:00,0.66,0.66,0.65,0.66,422373
2015-06-19 18:10:00,0.65,0.66,0.65,0.66,342404
2015-06-22 18:10:00,0.66,0.68,0.66,0.68,1112496
2015-06-23 18:10:00,0.68,0.69,0.67,0.68,1777654
2015-06-24 18:10:00,0.68,0.69,0.67,0.68,380315
2015-06-25 18:10:00,0.68,0.69,0.68,0.69,399283
2015-06-26 18:10:00,0.69,0.69,0.68,0.68,459804
2015-06-29 18:10:00,0.67,0.68,0.66,0.68,621877
2015-06-30 18:10:00,0.68,0.68,0.66,0.68,367425
2015-07-01 18:10:00,0.68,0.68,0.67,0.67,348723
2015-07-02 18:10:00,0.67,0.68,0.66,0.68,645535
2015-07-03 18:10:00,0.68,0.68,0.66,0.67,193568
2015-07-06 18:10:00,0.67,0.68,0.66,0.68,245230
2015-07-07 18:10:00,0.68,0.69,0.67,0.68,688619
2015-07-08 18:10:00,0.68,0.68,0.67,0.67,147859
2015-07-09 18:10:00,0.67,0.68,0.66,0.67,351439
2015-07-10 18:10:00,0.67,0.69,0.67,0.68,499557
2015-07-13 18:10:00,0.69,0.69,0.67,0.68,248537
2015-07-14 18:10:00,0.68,0.69,0.68,0.68,272576
2015-07-15 18:10:00,0.69,0.69,0.67,0.68,199815
2015-07-16 18:10:00,0.68,0.69,0.67,0.68,54274
2015-07-20 18:10:00,0.68,0.68,0.67,0.68,211811
2015-07-21 18:10:00,0.68,0.68,0.67,0.68,294057
2015-07-22 18:10:00,0.68,0.68,0.67,0.68,105901
2015-07-23 18:10:00,0.68,0.68,0.65,0.66,649405
2015-07-24 18:10:00,0.66,0.67,0.65,0.66,433853
2015-07-27 18:10:00,0.67,0.68,0.66,0.67,637752
2015-07-28 18:10:00,0.67,0.68,0.66,0.67,425906
2015-07-29 18:10:00,0.67,0.68,0.66,0.67,414848
2015-07-30 18:10:00,0.67,0.68,0.67,0.67,346774
2015-07-31 18:10:00,0.68,0.69,0.67,0.68,1269673
2015-08-03 18:10:00,0.68,0.69,0.68,0.69,676575
2015-08-04 18:10:00,0.68,0.69,0.68,0.68,166988
2015-08-05 18:10:00,0.68,0.69,0.67,0.68,739251
2015-08-06 18:10:00,0.69,0.69,0.68,0.68,128494
2015-08-07 18:10:00,0.68,0.69,0.67,0.68,1157343
2015-08-10 18:10:00,0.68,0.69,0.67,0.67,200800
2015-08-11 18:10:00,0.68,0.69,0.67,0.68,551878
2015-08-12 18:10:00,0.68,0.68,0.66,0.68,602242
2015-08-13 18:10:00,0.67,0.68,0.65,0.66,723640
2015-08-14 18:10:00,0.66,0.67,0.65,0.66,448706
2015-08-17 18:10:00,0.67,0.67,0.66,0.67,442402
2015-08-18 18:10:00,0.66,0.67,0.66,0.67,112169
2015-08-19 18:10:00,0.66,0.67,0.66,0.66,256362
2015-08-20 18:10:00,0.66,0.66,0.64,0.65,1132307
2015-08-21 18:10:00,0.65,0.66,0.64,0.66,345759
2015-08-24 18:10:00,0.64,0.65,0.63,0.64,322659
2015-08-25 18:10:00,0.64,0.65,0.63,0.65,279653
2015-08-26 18:10:00,0.64,0.65,0.64,0.65,208006
2015-08-27 18:10:00,0.65,0.66,0.64,0.66,496734
2015-08-28 18:10:00,0.66,0.66,0.65,0.66,404982
2015-08-31 18:10:00,0.66,0.67,0.65,0.65,97641
2015-09-01 18:10:00,0.65,0.67,0.65,0.65,197987
2015-09-02 18:10:00,0.66,0.66,0.65,0.66,86969
2015-09-03 18:10:00,0.66,0.66,0.65,0.66,331651
2015-09-04 18:10:00,0.65,0.66,0.65,0.65,111868
2015-09-07 18:10:00,0.65,0.65,0.64,0.65,194133
2015-09-08 18:10:00,0.65,0.66,0.64,0.64,115810
2015-09-09 18:10:00,0.65,0.66,0.65,0.66,278123
2015-09-10 18:10:00,0.65,0.66,0.64,0.64,157126
2015-09-11 18:10:00,0.65,0.65,0.64,0.65,263141
2015-09-14 18:10:00,0.64,0.65,0.64,0.64,223407
2015-09-15 18:10:00,0.64,0.66,0.64,0.66,581134
2015-09-16 18:10:00,0.66,0.66,0.65,0.66,154373
2015-09-17 18:10:00,0.66,0.66,0.65,0.65,644028
2015-09-18 18:10:00,0.66,0.66,0.65,0.65,513348
2015-09-21 18:10:00,0.66,0.67,0.65,0.67,437318
2015-09-22 18:10:00,0.66,0.67,0.66,0.67,416795
2015-09-23 18:10:00,0.67,0.67,0.66,0.67,66971
2015-09-28 18:10:00,0.67,0.67,0.66,0.66,364848
2015-09-29 18:10:00,0.66,0.67,0.65,0.66,105692
2015-09-30 18:10:00,0.67,0.67,0.66,0.66,81713
2015-10-01 18:10:00,0.67,0.68,0.66,0.68,756291
2015-10-02 18:10:00,0.67,0.68,0.66,0.68,585622
2015-10-05 18:10:00,0.67,0.68,0.66,0.67,376397
2015-10-06 18:10:00,0.68,0.68,0.67,0.67,122302
2015-10-07 18:10:00,0.67,0.69,0.67,0.68,987514
2015-10-08 18:10:00,0.68,0.68,0.67,0.68,128987
2015-10-09 18:10:00,0.68,0.69,0.67,0.69,1742526
2015-10-12 18:10:00,0.68,0.69,0.67,0.68,1476935
2015-10-13 18:10:00,0.68,0.68,0.66,0.67,1222590
2015-10-14 18:10:00,0.68,0.69,0.67,0.68,1431621
2015-10-15 18:10:00,0.69,0.69,0.68,0.69,128271
2015-10-16 18:10:00,0.69,0.69,0.67,0.68,1196223
2015-10-19 18:10:00,0.68,0.69,0.67,0.67,1196638
2015-10-20 18:10:00,0.67,0.69,0.67,0.68,1589161
2015-10-21 18:10:00,0.68,0.69,0.67,0.68,608322
2015-10-22 18:10:00,0.68,0.69,0.68,0.68,1812161
2015-10-23 18:10:00,0.69,0.69,0.68,0.68,149304
2015-10-26 18:10:00,0.68,0.69,0.67,0.68,1628209
2015-10-27 18:10:00,0.69,0.69,0.67,0.67,262911
2015-10-28 18:10:00,0.68,0.68,0.67,0.67,178362
2015-10-30 18:10:00,0.67,0.68,0.66,0.67,1051417
2015-11-02 18:10:00,0.7,0.7,0.68,0.69,3469046
2015-11-03 18:10:00,0.7,0.7,0.68,0.69,1185769
2015-11-04 18:10:00,0.69,0.7,0.68,0.7,549133
2015-11-05 18:10:00,0.69,0.72,0.69,0.7,4126061
2015-11-06 18:10:00,0.71,0.72,0.7,0.71,2598170
2015-11-09 19:10:00,0.71,0.73,0.7,0.72,2113771
2015-11-10 19:10:00,0.72,0.73,0.71,0.73,2650722
2015-11-11 19:10:00,0.73,0.73,0.71,0.73,974393
2015-11-12 19:10:00,0.73,0.73,0.72,0.73,848315
2015-11-13 19:10:00,0.73,0.73,0.72,0.73,811343
2015-11-16 19:10:00,0.72,0.73,0.71,0.72,1042264
2015-11-17 19:10:00,0.72,0.73,0.71,0.72,668878
2015-11-18 19:10:00,0.73,0.73,0.72,0.73,382827
2015-11-19 19:10:00,0.73,0.73,0.72,0.72,206991
2015-11-20 19:10:00,0.72,0.73,0.71,0.71,843469
2015-11-23 19:10:00,0.72,0.72,0.7,0.71,1882563
2015-11-24 19:10:00,0.71,0.72,0.68,0.7,3692375
2015-11-25 19:10:00,0.69,0.7,0.67,0.69,1095224
2015-11-26 19:10:00,0.7,0.7,0.68,0.69,901084
2015-11-27 19:10:00,0.69,0.7,0.69,0.69,459486
2015-11-30 19:10:00,0.69,0.7,0.69,0.7,246742
2015-12-01 19:10:00,0.7,0.71,0.69,0.7,425267
2015-12-02 19:10:00,0.71,0.72,0.7,0.71,1310690
2015-12-03 19:10:00,0.71,0.72,0.7,0.7,699727
2015-12-04 19:10:00,0.71,0.73,0.7,0.72,3514889
2015-12-07 19:10:00,0.72,0.72,0.71,0.71,220208
2015-12-08 19:10:00,0.71,0.72,0.7,0.71,1358162
2015-12-09 19:10:00,0.71,0.72,0.7,0.71,622694
2015-12-10 19:10:00,0.71,0.72,0.7,0.71,1319177
2015-12-11 19:10:00,0.7,0.71,0.69,0.69,1835296
2015-12-14 19:10:00,0.69,0.71,0.69,0.7,1720018
2015-12-15 19:10:00,0.64,0.65,0.62,0.63,2773995
2015-12-16 19:10:00,0.63,0.64,0.62,0.64,1199726
2015-12-17 19:10:00,0.64,0.64,0.63,0.63,1742866
2015-12-18 19:10:00,0.64,0.64,0.63,0.63,924355
2015-12-21 19:10:00,0.64,0.64,0.63,0.64,519965
2015-12-22 19:10:00,0.64,0.64,0.62,0.63,1520073
2015-12-23 19:10:00,0.63,0.65,0.62,0.64,3311066
2015-12-24 19:10:00,0.65,0.65,0.63,0.65,3330856
2015-12-25 19:10:00,0.65,0.65,0.64,0.65,858114
2015-12-28 19:10:00,0.64,0.65,0.64,0.65,1128163
2015-12-29 19:10:00,0.64,0.65,0.63,0.63,2211319
2015-12-30 19:10:00,0.64,0.64,0.63,0.64,131447
2015-12-31 19:10:00,0.64,0.64,0.63,0.63,90725
2016-01-04 19:10:00,0.63,0.63,0.62,0.63,2974124
2016-01-05 19:10:00,0.63,0.63,0.61,0.63,2696168
2016-01-06 19:10:00,0.62,0.63,0.61,0.62,1034372
2016-01-07 19:10:00,0.62,0.62,0.61,0.62,1407869
2016-01-08 19:10:00,0.63,0.63,0.61,0.61,1726103
2016-01-11 19:10:00,0.61,0.62,0.61,0.62,1247374
2016-01-12 19:10:00,0.62,0.62,0.6,0.61,4143801
2016-01-13 19:10:00,0.62,0.62,0.61,0.62,636029
2016-01-14 19:10:00,0.61,0.62,0.61,0.62,715857
2016-01-15 19:10:00,0.62,0.62,0.61,0.62,194030
2016-01-18 19:10:00,0.62,0.62,0.61,0.61,65810
2016-01-19 19:10:00,0.62,0.62,0.61,0.61,483085
2016-01-20 19:10:00,0.61,0.61,0.6,0.6,910101
2016-01-21 19:10:00,0.61,0.61,0.59,0.6,1885019
2016-01-22 19:10:00,0.61,0.61,0.6,0.61,177141
2016-01-25 19:10:00,0.61,0.61,0.6,0.61,131131
2016-01-26 19:10:00,0.61,0.61,0.6,0.6,215400
2016-01-27 19:10:00,0.61,0.61,0.6,0.6,255682
2016-01-28 19:10:00,0.61,0.62,0.6,0.61,1077407
2016-01-29 19:10:00,0.61,0.62,0.6,0.62,1534568
2016-02-01 19:10:00,0.62,0.62,0.6,0.61,591451
2016-02-02 19:10:00,0.61,0.62,0.6,0.61,602356
2016-02-03 19:10:00,0.62,0.62,0.6,0.61,721455
2016-02-04 19:10:00,0.62,0.63,0.61,0.62,1903003
2016-02-05 19:10:00,0.62,0.62,0.61,0.61,120601
2016-02-08 19:10:00,0.61,0.62,0.6,0.61,697980
2016-02-09 19:10:00,0.61,0.61,0.59,0.6,837852
2016-02-10 19:10:00,0.6,0.61,0.59,0.6,809622
2016-02-11 19:10:00,0.6,0.61,0.59,0.6,492706
2016-02-12 19:10:00,0.6,0.61,0.59,0.6,469279
2016-02-15 19:10:00,0.6,0.6,0.59,0.6,367239
2016-02-16 19:10:00,0.6,0.6,0.59,0.59,138759
2016-02-17 19:10:00,0.59,0.6,0.58,0.59,1249971
2016-02-18 19:10:00,0.59,0.6,0.59,0.6,218061
2016-02-19 19:10:00,0.6,0.61,0.59,0.6,983000
2016-02-22 19:10:00,0.6,0.61,0.59,0.61,1103806
2016-02-23 19:10:00,0.6,0.61,0.6,0.6,1185719
2016-02-24 19:10:00,0.6,0.61,0.59,0.6,671692
2016-02-25 19:10:00,0.59,0.61,0.59,0.6,1204815
2016-02-26 19:10:00,0.61,0.61,0.6,0.61,453130
2016-02-29 19:10:00,0.62,0.67,0.62,0.66,10867522
2016-03-01 19:10:00,0.66,0.68,0.65,0.66,9435542
2016-03-02 19:10:00,0.66,0.68,0.66,0.67,1989359
2016-03-03 19:10:00,0.67,0.68,0.66,0.66,330669
2016-03-04 19:10:00,0.67,0.68,0.67,0.68,1975335
2016-03-07 19:10:00,0.68,0.68,0.67,0.67,284892
2016-03-08 19:10:00,0.67,0.68,0.67,0.68,298038
2016-03-09 19:10:00,0.68,0.68,0.67,0.67,331086
2016-03-10 19:10:00,0.68,0.68,0.66,0.67,2111788
2016-03-11 19:10:00,0.67,0.68,0.66,0.67,667129
2016-03-14 19:10:00,0.67,0.71,0.67,0.71,5931861
2016-03-15 19:10:00,0.71,0.76,0.69,0.72,27970318
2016-03-16 19:10:00,0.72,0.73,0.71,0.71,4743441
2016-03-17 19:10:00,0.72,0.72,0.7,0.71,2006113
2016-03-18 19:10:00,0.71,0.74,0.7,0.71,5658524
2016-03-21 19:10:00,0.71,0.72,0.71,0.72,729149
2016-03-22 19:10:00,0.72,0.72,0.71,0.71,1542284
2016-03-23 19:10:00,0.71,0.72,0.71,0.72,288580
2016-03-24 19:10:00,0.72,0.86,0.71,0.86,39034892
2016-03-25 19:10:00,0.89,0.92,0.86,0.88,34416907
2016-03-28 18:10:00,0.88,0.89,0.85,0.87,5719904
2016-03-29 18:10:00,0.87,0.88,0.82,0.85,16475862
2016-03-30 18:10:00,0.86,0.86,0.85,0.85,1958716
2016-03-31 18:10:00,0.85,0.9,0.85,0.88,9285073
2016-04-01 18:10:00,0.89,0.9,0.86,0.86,4058862
2016-04-04 18:10:00,0.87,0.9,0.84,0.88,14262439
2016-04-05 18:10:00,0.88,0.98,0.86,0.95,24622172
2016-04-06 18:10:00,0.95,0.96,0.93,0.94,12226387
2016-04-07 18:10:00,0.94,0.96,0.91,0.91,10650863
2016-04-08 18:10:00,0.92,0.95,0.9,0.93,12706455
2016-04-11 18:10:00,0.93,1.03,0.92,1.01,16934374
2016-04-12 18:10:00,1.04,1.08,1.01,1.02,23052123
2016-04-13 18:10:00,1.02,1.03,0.85,0.89,66076790
2016-04-14 18:10:00,0.89,0.9,0.86,0.88,13665384
2016-04-15 18:10:00,0.89,0.89,0.86,0.87,8809761
2016-04-18 18:10:00,0.87,0.88,0.86,0.86,6552136
2016-04-19 18:10:00,0.87,0.87,0.85,0.86,6093281
2016-04-20 18:10:00,0.86,0.86,0.82,0.82,8352614
2016-04-21 18:10:00,0.83,0.83,0.79,0.81,11447250
2016-04-22 18:10:00,0.81,0.85,0.8,0.85,22153152
2016-04-25 18:10:00,0.85,0.85,0.83,0.84,5627661
2016-04-26 18:10:00,0.84,0.85,0.83,0.84,3897612
2016-04-27 18:10:00,0.84,0.85,0.83,0.84,2373338
2016-04-28 18:10:00,0.84,0.84,0.82,0.82,4707445
2016-04-29 18:10:00,0.83,0.83,0.81,0.81,3732216
2016-05-02 18:10:00,0.82,0.82,0.8,0.8,2253640
2016-05-03 18:10:00,0.8,0.81,0.77,0.78,4502070
2016-05-04 18:10:00,0.78,0.79,0.74,0.76,5693279
2016-05-05 18:10:00,0.73,0.78,0.72,0.76,7426449
2016-05-06 18:10:00,0.76,0.77,0.75,0.76,3708005
2016-05-09 18:10:00,0.77,0.78,0.76,0.76,3246340
2016-05-10 18:10:00,0.77,0.78,0.75,0.76,2941591
2016-05-11 18:10:00,0.76,0.78,0.76,0.77,1498905
2016-05-12 18:10:00,0.77,0.8,0.77,0.77,3282251
2016-05-13 18:10:00,0.77,0.78,0.76,0.77,3239184
2016-05-16 18:10:00,0.77,0.78,0.76,0.76,2668826
2016-05-17 18:10:00,0.77,0.77,0.75,0.75,3093698
2016-05-18 18:10:00,0.75,0.77,0.74,0.77,2297897
2016-05-20 18:10:00,0.77,0.79,0.77,0.78,3174893
2016-05-23 18:10:00,0.69,0.7,0.67,0.68,3441547
2016-05-24 18:10:00,0.68,0.69,0.67,0.68,1857626
2016-05-25 18:10:00,0.69,0.69,0.67,0.67,1852627
2016-05-26 18:10:00,0.68,0.69,0.67,0.68,1968319
2016-05-27 18:10:00,0.69,0.69,0.67,0.67,1091021
2016-05-30 18:10:00,0.68,0.69,0.67,0.68,2916985
2016-05-31 18:10:00,0.68,0.69,0.67,0.68,1591306
2016-06-01 18:10:00,0.68,0.68,0.66,0.66,1298565
2016-06-02 18:10:00,0.66,0.67,0.65,0.66,2071652
2016-06-03 18:10:00,0.66,0.67,0.65,0.66,1794575
2016-06-06 18:10:00,0.66,0.66,0.65,0.65,1054031
2016-06-07 18:10:00,0.65,0.66,0.64,0.64,2336523
2016-06-08 18:10:00,0.64,0.65,0.64,0.64,1419077
2016-06-09 18:10:00,0.64,0.65,0.63,0.64,2222506
2016-06-10 18:10:00,0.64,0.64,0.62,0.62,1910709
2016-06-13 18:10:00,0.63,0.63,0.6,0.61,3448694
2016-06-14 18:10:00,0.61,0.62,0.6,0.61,1565151
2016-06-15 18:10:00,0.62,0.62,0.61,0.61,330071
2016-06-16 18:10:00,0.61,0.62,0.6,0.61,2081222
2016-06-17 18:10:00,0.61,0.62,0.61,0.61,501624
2016-06-20 18:10:00,0.61,0.62,0.61,0.61,449671
2016-06-21 18:10:00,0.61,0.62,0.61,0.61,635450
2016-06-22 18:10:00,0.61,0.62,0.61,0.61,481162
2016-06-23 18:10:00,0.62,0.62,0.6,0.61,2307471
2016-06-24 18:10:00,0.6,0.6,0.58,0.59,2121902
2016-06-27 18:10:00,0.6,0.6,0.59,0.6,928390
2016-06-28 18:10:00,0.6,0.64,0.6,0.62,3858270
2016-06-29 18:10:00,0.62,0.63,0.6,0.63,2915328
2016-06-30 18:10:00,0.62,0.64,0.62,0.63,3937751
2016-07-01 18:10:00,0.63,0.64,0.63,0.64,524550
2016-07-04 18:10:00,0.64,0.64,0.63,0.63,459063
2016-07-08 18:10:00,0.64,0.64,0.63,0.63,875681
2016-07-11 18:10:00,0.63,0.64,0.63,0.63,435174
2016-07-12 18:10:00,0.63,0.65,0.63,0.64,1201391
2016-07-13 18:10:00,0.64,0.65,0.64,0.64,1436358
2016-07-14 18:10:00,0.65,0.66,0.64,0.66,2517466
2016-07-15 18:10:00,0.66,0.66,0.65,0.65,778841
2016-07-18 18:10:00,0.63,0.63,0.59,0.61,3906850
2016-07-19 18:10:00,0.61,0.62,0.59,0.6,2772542
2016-07-20 18:10:00,0.6,0.61,0.59,0.59,1136553
2016-07-21 18:10:00,0.59,0.59,0.58,0.59,1551592
2016-07-22 18:10:00,0.59,0.6,0.58,0.59,1895039
2016-07-25 18:10:00,0.59,0.62,0.59,0.61,2015032
2016-07-26 18:10:00,0.62,0.62,0.6,0.61,902220
2016-07-27 18:10:00,0.61,0.62,0.6,0.62,1006791
2016-07-28 18:10:00,0.62,0.63,0.61,0.62,1501922
2016-07-29 18:10:00,0.62,0.63,0.61,0.62,582135
2016-08-01 18:10:00,0.62,0.63,0.62,0.63,683796
2016-08-02 18:10:00,0.63,0.68,0.63,0.66,10245469
2016-08-03 18:10:00,0.66,0.67,0.63,0.63,2193849
2016-08-04 18:10:00,0.64,0.65,0.63,0.65,1824435
2016-08-05 18:10:00,0.65,0.65,0.63,0.63,1002641
2016-08-08 18:10:00,0.65,0.66,0.64,0.65,2014107
2016-08-09 18:10:00,0.65,0.66,0.65,0.65,915248
2016-08-10 18:10:00,0.65,0.66,0.64,0.64,1331900
2016-08-11 18:10:00,0.65,0.65,0.64,0.65,481544
2016-08-12 18:10:00,0.65,0.66,0.64,0.65,842541
2016-08-15 18:10:00,0.65,0.66,0.65,0.65,819684
2016-08-16 18:10:00,0.65,0.66,0.63,0.64,847620
2016-08-17 18:10:00,0.64,0.65,0.63,0.65,570685
2016-08-18 18:10:00,0.65,0.67,0.64,0.67,3320393
2016-08-19 18:10:00,0.67,0.68,0.66,0.67,738076
2016-08-22 18:10:00,0.66,0.67,0.65,0.66,484252
2016-08-23 18:10:00,0.67,0.67,0.66,0.66,1131714
2016-08-24 18:10:00,0.66,0.66,0.64,0.65,1559961
2016-08-25 18:10:00,0.65,0.7,0.65,0.69,4552757
2016-08-26 18:10:00,0.68,0.69,0.67,0.68,1449004
2016-08-29 18:10:00,0.68,0.71,0.67,0.71,4519886
2016-08-31 18:10:00,0.71,0.72,0.69,0.69,2933776
2016-09-01 18:10:00,0.7,0.7,0.68,0.68,1551512
2016-09-02 18:10:00,0.68,0.69,0.68,0.69,1473504
2016-09-05 18:10:00,0.69,0.8,0.68,0.77,34109346
2016-09-06 18:10:00,0.77,0.79,0.73,0.74,12909844
2016-09-07 18:10:00,0.75,0.76,0.72,0.73,7045524
2016-09-08 18:10:00,0.73,0.74,0.71,0.71,4339881
2016-09-09 18:10:00,0.71,0.72,0.7,0.7,2688763
2016-09-16 18:10:00,0.71,0.71,0.68,0.69,3125299
2016-09-19 18:10:00,0.7,0.7,0.69,0.7,2047917
2016-09-20 18:10:00,0.71,0.72,0.7,0.71,3870065
2016-09-21 18:10:00,0.71,0.72,0.7,0.71,3692742
2016-09-22 18:10:00,0.71,0.73,0.71,0.72,4723024
2016-09-23 18:10:00,0.73,0.73,0.71,0.71,3998404
2016-09-26 18:10:00,0.69,0.7,0.68,0.69,2907027
2016-09-27 18:10:00,0.69,0.71,0.69,0.7,3374280
2016-09-28 18:10:00,0.71,0.71,0.7,0.7,1799637
2016-09-29 18:10:00,0.7,0.75,0.7,0.71,16159480
2016-09-30 18:10:00,0.71,0.74,0.71,0.72,6183539
2016-10-03 18:10:00,0.73,0.74,0.72,0.72,2269830
2016-10-04 18:10:00,0.73,0.74,0.71,0.72,5665731
2016-10-05 18:10:00,0.72,0.73,0.71,0.72,2919050
2016-10-06 18:10:00,0.72,0.73,0.71,0.72,3798930
2016-10-07 18:10:00,0.72,0.81,0.71,0.76,30311100
2016-10-10 18:10:00,0.77,0.82,0.76,0.82,13254351
2016-10-11 18:10:00,0.82,0.83,0.8,0.81,5723129
2016-10-12 18:10:00,0.81,0.82,0.81,0.82,1711712
2016-10-13 18:10:00,0.82,0.82,0.8,0.8,2001074
2016-10-14 18:10:00,0.8,0.81,0.8,0.81,1035599
2016-10-17 18:10:00,0.8,0.85,0.8,0.82,4753828
2016-10-18 18:10:00,0.83,0.83,0.82,0.82,1271450
2016-10-19 18:10:00,0.83,0.83,0.82,0.82,1166645
2016-10-20 18:10:00,0.82,0.83,0.8,0.81,2726493
2016-10-21 18:10:00,0.82,0.82,0.8,0.81,1705623
2016-10-24 18:10:00,0.81,0.82,0.8,0.81,1970417
2016-10-25 18:10:00,0.82,0.82,0.81,0.82,679028
2016-10-26 18:10:00,0.82,0.82,0.8,0.82,1231861
2016-10-27 18:10:00,0.81,0.84,0.81,0.83,4527856
2016-10-28 18:10:00,0.82,0.83,0.81,0.82,1268554
2016-10-31 18:10:00,0.82,0.82,0.81,0.81,486073
2016-11-01 18:10:00,0.81,0.82,0.79,0.79,2850055
2016-11-02 18:10:00,0.8,0.8,0.78,0.79,1179641
2016-11-03 18:10:00,0.78,0.8,0.78,0.79,467997
2016-11-04 18:10:00,0.78,0.78,0.76,0.77,1697059
2016-11-07 18:10:00,0.78,0.79,0.77,0.78,969482
2016-11-08 18:10:00,0.79,0.82,0.78,0.79,4126268
2016-11-09 18:10:00,0.78,0.81,0.76,0.8,8899245
2016-11-10 18:10:00,0.8,0.8,0.78,0.78,3450676
2016-11-11 18:10:00,0.78,0.78,0.77,0.77,3702912
2016-11-14 18:10:00,0.77,0.79,0.77,0.77,4629345
2016-11-15 18:10:00,0.78,0.78,0.77,0.77,815894
2016-11-16 18:10:00,0.78,0.78,0.77,0.77,1296100
2016-11-17 18:10:00,0.77,0.78,0.77,0.78,796762
2016-11-18 18:10:00,0.77,0.79,0.77,0.79,1273579
2016-11-21 18:10:00,0.79,0.79,0.78,0.78,1126655
2016-11-22 18:10:00,0.78,0.79,0.78,0.78,345074
2016-11-23 18:10:00,0.79,0.83,0.79,0.8,5486183
2016-11-24 18:10:00,0.81,0.82,0.79,0.81,2225035
2016-11-25 18:10:00,0.81,0.81,0.79,0.8,1312485
2016-11-28 18:10:00,0.8,0.81,0.8,0.8,392667
2016-11-29 18:10:00,0.8,0.82,0.8,0.81,1647607
2016-11-30 18:10:00,0.81,0.81,0.79,0.8,958691
2016-12-01 18:10:00,0.8,0.8,0.77,0.78,1434037
2016-12-02 18:10:00,0.78,0.79,0.77,0.78,1010710
2016-12-05 18:10:00,0.79,0.79,0.78,0.78,590121
2016-12-06 18:10:00,0.79,0.82,0.78,0.81,4155721
2016-12-07 18:10:00,0.82,0.83,0.8,0.83,3910087
2016-12-08 18:10:00,0.83,0.83,0.8,0.81,3245848
2016-12-09 18:10:00,0.81,0.81,0.8,0.8,425077
2016-12-12 18:10:00,0.8,0.81,0.79,0.81,856109
2016-12-13 18:10:00,0.81,0.82,0.8,0.81,1833827
2016-12-14 18:10:00,0.82,0.82,0.81,0.82,908792
2016-12-15 18:10:00,0.8,0.83,0.8,0.83,2616538
2016-12-16 18:10:00,0.83,0.83,0.82,0.82,685979
2016-12-19 18:10:00,0.82,0.83,0.82,0.82,638172
2016-12-20 18:10:00,0.82,0.83,0.81,0.82,1599052
2016-12-21 18:10:00,0.83,0.84,0.82,0.83,1588379
2016-12-22 18:10:00,0.84,0.84,0.82,0.84,1066093
2016-12-23 18:10:00,0.83,0.84,0.83,0.84,2444199
2016-12-26 18:10:00,0.84,0.84,0.83,0.84,308131
2016-12-27 18:10:00,0.83,0.84,0.83,0.84,105725
2016-12-28 18:10:00,0.84,0.87,0.83,0.86,25379663
2016-12-29 18:10:00,0.86,0.86,0.84,0.85,6247943
2016-12-30 18:10:00,0.85,0.86,0.84,0.84,1722857
2017-01-02 18:10:00,0.84,0.86,0.83,0.86,3718010
2017-01-03 18:10:00,0.85,0.86,0.83,0.83,3678941
2017-01-04 18:10:00,0.84,0.85,0.83,0.83,3257084
2017-01-05 18:10:00,0.84,0.86,0.83,0.84,8019522
2017-01-06 18:10:00,0.84,0.85,0.84,0.84,783257
2017-01-09 18:10:00,0.84,0.85,0.83,0.83,1417374
2017-01-10 18:10:00,0.83,0.85,0.83,0.85,1660466
2017-01-11 18:10:00,0.84,0.85,0.84,0.85,1675041
2017-01-12 18:10:00,0.85,0.86,0.84,0.86,6640469
2017-01-13 18:10:00,0.86,0.87,0.85,0.86,5913160
2017-01-16 18:10:00,0.86,0.87,0.86,0.86,802219
2017-01-17 18:10:00,0.86,0.9,0.85,0.89,11502231
2017-01-18 18:10:00,0.89,0.89,0.87,0.89,2510131
2017-01-19 18:10:00,0.89,0.91,0.86,0.9,6760423
2017-01-20 18:10:00,0.9,0.94,0.9,0.93,8766579
2017-01-23 18:10:00,0.93,0.93,0.88,0.9,5995388
2017-01-24 18:10:00,0.9,0.91,0.89,0.91,3229652
2017-01-25 18:10:00,0.91,0.91,0.87,0.87,4922093
2017-01-26 18:10:00,0.88,0.89,0.88,0.89,253524
2017-01-27 18:10:00,0.88,0.89,0.88,0.88,566194
2017-01-30 18:10:00,0.88,0.93,0.88,0.9,7777398
2017-01-31 18:10:00,0.91,0.91,0.9,0.9,531591
2017-02-01 18:10:00,0.9,0.92,0.9,0.91,3373724
2017-02-02 18:10:00,0.92,0.93,0.91,0.91,1055270
2017-02-03 18:10:00,0.91,0.94,0.91,0.94,3519300
2017-02-06 18:10:00,0.93,0.94,0.91,0.92,2456217
2017-02-07 18:10:00,0.92,0.92,0.9,0.92,2708291
2017-02-08 18:10:00,0.92,0.92,0.9,0.91,1579346
2017-02-09 18:10:00,0.91,0.92,0.89,0.9,4060244
2017-02-10 18:10:00,0.9,0.91,0.89,0.9,660750
2017-02-13 18:10:00,0.9,0.91,0.89,0.9,784368
2017-02-14 18:10:00,0.9,0.9,0.88,0.88,1305723
2017-02-15 18:10:00,0.88,0.89,0.87,0.88,963622
2017-02-16 18:10:00,0.88,0.89,0.87,0.89,1484411
2017-02-17 18:10:00,0.88,0.89,0.87,0.89,1403386
2017-02-20 18:10:00,0.89,0.89,0.87,0.88,1915730
2017-02-21 18:10:00,0.88,0.89,0.87,0.87,490434
2017-02-22 18:10:00,0.87,0.88,0.86,0.87,1977952
2017-02-23 18:10:00,0.87,0.87,0.85,0.86,2497096
2017-02-24 18:10:00,0.86,0.86,0.84,0.84,1820900
2017-02-27 18:10:00,0.84,0.85,0.83,0.84,1634334
2017-02-28 18:10:00,0.84,0.84,0.83,0.83,894939
2017-03-01 18:10:00,0.83,0.84,0.82,0.83,5887550
2017-03-02 18:10:00,0.84,0.85,0.83,0.85,2021904
2017-03-03 18:10:00,0.85,0.85,0.83,0.85,2446308
2017-03-06 18:10:00,0.84,0.87,0.84,0.86,4443958
2017-03-07 18:10:00,0.86,0.86,0.85,0.85,780319
2017-03-08 18:10:00,0.86,0.86,0.84,0.84,2345921
2017-03-09 18:10:00,0.85,0.86,0.84,0.84,1115074
2017-03-10 18:10:00,0.85,0.86,0.84,0.85,2204313
2017-03-13 18:10:00,0.85,0.85,0.83,0.83,1423678
2017-03-14 18:10:00,0.84,0.84,0.83,0.84,451287
2017-03-15 18:10:00,0.84,0.85,0.83,0.84,1207899
2017-03-16 18:10:00,0.84,0.85,0.83,0.84,2174518
2017-03-17 18:10:00,0.84,0.84,0.83,0.84,917924
2017-03-20 18:10:00,0.84,0.84,0.82,0.83,1618170
2017-03-21 18:10:00,0.83,0.84,0.83,0.84,1048758
2017-03-22 18:10:00,0.84,0.84,0.82,0.83,672583
2017-03-23 18:10:00,0.83,0.84,0.83,0.83,145293
2017-03-24 18:10:00,0.83,0.84,0.83,0.84,215178
2017-03-27 18:10:00,0.84,0.84,0.83,0.84,552386
2017-03-28 18:10:00,0.84,0.84,0.82,0.83,863437
2017-03-29 18:10:00,0.83,0.83,0.82,0.82,82897
2017-03-30 18:10:00,0.82,0.83,0.82,0.82,558425
2017-03-31 18:10:00,0.83,0.83,0.82,0.82,528689
2017-04-03 18:10:00,0.83,0.83,0.82,0.83,119821
2017-04-04 18:10:00,0.83,0.84,0.82,0.82,1103166
2017-04-05 18:10:00,0.83,0.84,0.82,0.83,651025
2017-04-06 18:10:00,0.83,0.84,0.82,0.83,831901
2017-04-07 18:10:00,0.82,0.83,0.82,0.82,130506
2017-04-10 18:10:00,0.82,0.83,0.82,0.83,695159
2017-04-11 18:10:00,0.83,0.83,0.8,0.81,5610106
2017-04-12 18:10:00,0.81,0.81,0.8,0.8,861999
2017-04-13 18:10:00,0.8,0.81,0.8,0.8,544837
2017-04-14 18:10:00,0.8,0.81,0.79,0.81,1598363
2017-04-17 18:10:00,0.82,0.82,0.8,0.81,1429514
2017-04-18 18:10:00,0.81,0.82,0.8,0.82,803846
2017-04-19 18:10:00,0.82,0.82,0.8,0.8,824601
2017-04-20 18:10:00,0.81,0.82,0.8,0.81,1200411
2017-04-21 18:10:00,0.81,0.82,0.79,0.8,3507175
2017-04-24 18:10:00,0.8,0.81,0.8,0.81,308906
2017-04-25 18:10:00,0.81,0.81,0.8,0.81,780277
2017-04-26 18:10:00,0.8,0.82,0.8,0.82,1463012
2017-04-27 18:10:00,0.82,0.83,0.81,0.82,5346969
2017-04-28 18:10:00,0.82,0.83,0.81,0.81,2296206
2017-05-02 18:10:00,0.81,0.82,0.81,0.82,728615
2017-05-03 18:10:00,0.82,0.83,0.81,0.81,1894364
2017-05-04 18:10:00,0.82,0.82,0.81,0.82,479465
2017-05-05 18:10:00,0.82,0.82,0.81,0.81,197437
2017-05-08 18:10:00,0.81,0.83,0.81,0.82,1083969
2017-05-09 18:10:00,0.82,0.83,0.82,0.82,345830
2017-05-10 18:10:00,0.82,0.83,0.81,0.82,815060
2017-05-11 18:10:00,0.82,0.82,0.81,0.81,929977
2017-05-12 18:10:00,0.82,0.83,0.81,0.81,2181400
2017-05-15 18:10:00,0.82,0.84,0.81,0.83,3094905
2017-05-16 18:10:00,0.84,0.84,0.82,0.82,2434897
2017-05-17 18:10:00,0.83,0.83,0.82,0.82,433380
2017-05-18 18:10:00,0.82,0.83,0.81,0.81,2140035
2017-05-22 18:10:00,0.82,0.83,0.81,0.82,1400431
2017-05-23 18:10:00,0.82,0.89,0.81,0.87,24612724
2017-05-24 18:10:00,0.88,0.88,0.85,0.86,6607043
2017-05-25 18:10:00,0.86,0.88,0.85,0.88,7051062
2017-05-26 18:10:00,0.88,0.88,0.85,0.86,6443199
2017-05-29 18:10:00,0.86,0.87,0.85,0.87,2477633
2017-05-30 18:10:00,0.87,0.88,0.85,0.88,5386441
2017-05-31 18:10:00,0.88,0.89,0.86,0.86,13596282
2017-06-01 18:10:00,0.87,0.87,0.85,0.86,1866658
2017-06-02 18:10:00,0.86,0.87,0.85,0.86,2768259
2017-06-05 18:10:00,0.86,0.87,0.85,0.87,2550858
2017-06-06 18:10:00,0.87,0.87,0.85,0.86,2530061
2017-06-07 18:10:00,0.87,0.87,0.85,0.85,1272022
2017-06-08 18:10:00,0.86,0.86,0.85,0.85,1126895
2017-06-09 18:10:00,0.85,0.87,0.85,0.87,1638813
2017-06-12 18:10:00,0.87,0.87,0.86,0.86,1352874
2017-06-13 18:10:00,0.87,0.89,0.85,0.87,16871867
2017-06-14 18:10:00,0.87,0.88,0.86,0.87,2852043
2017-06-15 18:10:00,0.87,0.87,0.86,0.86,1152594
2017-06-16 18:10:00,0.87,0.87,0.85,0.85,4594141
2017-06-19 18:10:00,0.86,0.87,0.85,0.87,1492488
2017-06-20 18:10:00,0.86,0.88,0.86,0.86,2684011
2017-06-21 18:10:00,0.87,0.87,0.86,0.86,530908
2017-06-22 18:10:00,0.87,0.87,0.85,0.86,2459025
2017-06-23 18:10:00,0.86,0.87,0.85,0.86,1396996
2017-06-28 18:10:00,0.87,0.87,0.86,0.86,478520
2017-06-29 18:10:00,0.86,0.87,0.85,0.86,1639754
2017-06-30 18:10:00,0.86,0.87,0.85,0.87,2605018
2017-07-03 18:10:00,0.84,0.85,0.83,0.84,3814327
2017-07-04 18:10:00,0.84,0.85,0.83,0.84,1009644
2017-07-05 18:10:00,0.84,0.84,0.83,0.84,1012933
2017-07-06 18:10:00,0.84,0.84,0.82,0.83,2357209
2017-07-07 18:10:00,0.83,0.84,0.82,0.83,535181
2017-07-10 18:10:00,0.82,0.84,0.82,0.83,1121177
2017-07-11 18:10:00,0.83,0.84,0.82,0.83,1539978
2017-07-12 18:10:00,0.83,0.84,0.82,0.83,2290346
2017-07-13 18:10:00,0.83,0.83,0.82,0.82,664815
2017-07-14 18:10:00,0.83,0.84,0.82,0.83,2227973
2017-07-17 18:10:00,0.83,0.84,0.82,0.84,1701538
2017-07-18 18:10:00,0.84,0.84,0.82,0.83,2201185
2017-07-19 18:10:00,0.83,0.85,0.83,0.84,3150646
2017-07-20 18:10:00,0.84,0.85,0.83,0.84,3433864
2017-07-21 18:10:00,0.84,0.84,0.83,0.83,570498
2017-07-24 18:10:00,0.84,0.84,0.83,0.83,1307883
2017-07-25 18:10:00,0.84,0.84,0.83,0.84,527243
2017-07-26 18:10:00,0.84,0.85,0.83,0.85,2533884
2017-07-27 18:10:00,0.85,0.91,0.85,0.88,50713402
2017-07-28 18:10:00,0.89,0.9,0.88,0.88,12887115
2017-07-31 18:10:00,0.89,0.89,0.87,0.87,4962239
2017-08-01 18:10:00,0.86,0.87,0.84,0.84,6961279
2017-08-02 18:10:00,0.84,0.85,0.83,0.84,2945396
2017-08-03 18:10:00,0.84,0.85,0.83,0.84,3006617
2017-08-04 18:10:00,0.85,0.85,0.84,0.85,2059714
2017-08-07 18:10:00,0.85,0.91,0.84,0.89,25026843
2017-08-08 18:10:00,0.9,0.91,0.87,0.91,19095700
2017-08-09 18:10:00,0.92,0.95,0.9,0.91,34936918
2017-08-10 18:10:00,0.92,0.94,0.9,0.9,25550008
2017-08-11 18:10:00,0.9,0.9,0.88,0.88,5043857
2017-08-14 18:10:00,0.89,0.93,0.87,0.91,28154128
2017-08-15 18:10:00,0.91,0.92,0.85,0.85,9334185
2017-08-16 18:10:00,0.86,0.87,0.84,0.85,5833258
2017-08-17 18:10:00,0.86,0.87,0.85,0.85,2614733
2017-08-18 18:10:00,0.85,0.87,0.85,0.86,3577103
2017-08-21 18:10:00,0.86,0.88,0.85,0.86,5165316
2017-08-22 18:10:00,0.87,0.92,0.86,0.91,27163688
2017-08-23 18:10:00,0.92,0.93,0.89,0.89,10115621
2017-08-24 18:10:00,0.9,0.9,0.88,0.88,3040936
2017-08-25 18:10:00,0.89,0.89,0.88,0.88,2448834
2017-08-28 18:10:00,0.88,0.9,0.88,0.9,2026367
2017-08-29 18:10:00,0.89,0.9,0.88,0.89,1438772
2017-08-31 12:35:00,0.89,0.9,0.89,0.9,271839
2017-09-05 18:10:00,0.9,0.92,0.87,0.91,12541155
2017-09-06 18:10:00,0.93,0.97,0.92,0.95,46479295
2017-09-07 18:10:00,0.96,0.98,0.92,0.94,24038031
2017-09-08 18:10:00,0.95,0.95,0.9,0.91,7871617
2017-09-11 18:10:00,0.92,0.94,0.91,0.92,7778941
2017-09-12 18:10:00,0.92,0.93,0.91,0.91,3982685
2017-09-13 18:10:00,0.91,0.94,0.91,0.93,7934769
2017-09-14 18:10:00,0.93,0.94,0.91,0.92,4154052
2017-09-15 18:10:00,0.92,0.93,0.89,0.89,9967547
2017-09-18 18:10:00,0.9,0.9,0.87,0.87,6455706
2017-09-19 18:10:00,0.86,0.87,0.84,0.85,7138463
2017-09-20 18:10:00,0.86,0.86,0.84,0.85,2189835
2017-09-21 18:10:00,0.85,0.86,0.84,0.84,3448277
2017-09-22 18:10:00,0.85,0.86,0.83,0.85,2106561
2017-09-25 18:10:00,0.84,0.84,0.79,0.81,8805592
2017-09-26 18:10:00,0.81,0.83,0.81,0.82,3855773
2017-09-27 18:10:00,0.83,0.83,0.81,0.81,2107026
2017-09-28 18:10:00,0.81,0.83,0.8,0.83,3264177
2017-09-29 18:10:00,0.83,0.83,0.81,0.83,1641821
2017-10-02 18:10:00,0.83,0.85,0.82,0.85,6063536
2017-10-03 18:10:00,0.85,0.86,0.83,0.84,3339429
2017-10-04 18:10:00,0.85,0.86,0.84,0.85,3249753
2017-10-05 18:10:00,0.85,0.86,0.84,0.85,1024104
2017-10-06 18:10:00,0.85,0.85,0.83,0.84,2929096
2017-10-09 18:10:00,0.8,0.82,0.79,0.81,6048825
2017-10-10 18:10:00,0.82,0.84,0.82,0.83,4634861
2017-10-11 18:10:00,0.83,0.84,0.82,0.84,1274984
2017-10-12 18:10:00,0.84,0.85,0.83,0.84,1542292
2017-10-13 18:10:00,0.84,0.85,0.83,0.84,1863366
2017-10-16 18:10:00,0.84,0.88,0.84,0.84,24601828
2017-10-17 18:10:00,0.85,0.86,0.84,0.84,2731896
2017-10-18 18:10:00,0.85,0.86,0.84,0.85,3294161
2017-10-19 18:10:00,0.85,0.86,0.84,0.85,2217898
2017-10-20 18:10:00,0.86,0.87,0.85,0.85,2974835
2017-10-23 18:10:00,0.86,0.86,0.84,0.84,2645586
2017-10-24 18:10:00,0.85,0.85,0.84,0.85,1008637
2017-10-25 18:10:00,0.85,0.86,0.84,0.85,1907246
2017-10-26 18:10:00,0.85,0.86,0.84,0.84,1417933
2017-10-27 18:10:00,0.84,0.85,0.83,0.85,4030467
2017-10-30 18:10:00,0.85,0.86,0.84,0.84,1363801
2017-10-31 18:10:00,0.85,0.86,0.84,0.84,2530431
2017-11-01 18:10:00,0.84,0.86,0.84,0.86,3005037
2017-11-02 18:10:00,0.86,0.87,0.85,0.85,2961881
2017-11-03 18:10:00,0.86,0.89,0.85,0.85,15388245
2017-11-06 18:10:00,0.86,0.91,0.84,0.9,32603012
2017-11-07 18:10:00,0.9,0.91,0.87,0.88,8848326
2017-11-08 18:10:00,0.87,0.88,0.87,0.87,3165165
2017-11-09 18:10:00,0.88,0.89,0.87,0.87,6381478
2017-11-10 18:10:00,0.88,0.88,0.86,0.87,9024941
2017-11-13 18:10:00,0.87,0.88,0.85,0.85,2850166
2017-11-14 18:10:00,0.86,0.87,0.85,0.86,5669555
2017-11-15 18:10:00,0.86,0.87,0.84,0.84,5203296
2017-11-16 18:10:00,0.85,0.86,0.83,0.85,2805117
2017-11-17 18:10:00,0.85,0.85,0.83,0.84,2298521
2017-11-20 18:10:00,0.84,0.84,0.82,0.82,1259810
2017-11-21 18:10:00,0.82,0.84,0.81,0.84,1576078
2017-11-22 18:10:00,0.83,0.87,0.82,0.87,5489764
2017-11-23 18:10:00,0.86,0.87,0.84,0.85,5310635
2017-11-24 18:10:00,0.84,0.85,0.83,0.83,690254
2017-11-27 18:10:00,0.84,0.85,0.83,0.85,528251
2017-11-28 18:10:00,0.84,0.86,0.81,0.83,3182130
2017-11-29 18:10:00,0.82,0.83,0.81,0.82,2747010
2017-11-30 18:10:00,0.82,0.84,0.82,0.84,2345484
2017-12-01 18:10:00,0.82,0.82,0.79,0.8,3700179
2017-12-04 18:10:00,0.8,0.81,0.79,0.81,1326711
2017-12-05 18:10:00,0.8,0.82,0.8,0.81,1831321
2017-12-06 18:10:00,0.81,0.81,0.8,0.8,1138189
2017-12-07 18:10:00,0.8,0.81,0.8,0.8,702667
2017-12-08 18:10:00,0.8,0.81,0.8,0.81,1940260
2017-12-11 18:10:00,0.82,0.84,0.82,0.82,5377861
2017-12-12 18:10:00,0.82,0.85,0.82,0.84,6439527
2017-12-13 18:10:00,0.84,0.92,0.82,0.85,39829004
2017-12-14 18:10:00,0.86,0.86,0.84,0.85,18767146
2017-12-15 18:10:00,0.85,0.86,0.83,0.83,3609645
2017-12-18 18:10:00,0.83,0.86,0.83,0.83,11951719
2017-12-19 18:10:00,0.84,0.85,0.83,0.83,5403104
2017-12-20 18:10:00,0.83,0.84,0.82,0.83,6097171
2017-12-21 18:10:00,0.83,0.84,0.82,0.83,2852666
2017-12-22 18:10:00,0.83,0.84,0.82,0.83,2429966
2017-12-25 18:10:00,0.83,0.86,0.83,0.85,11043566
2017-12-26 18:10:00,0.86,0.87,0.84,0.85,6270560
2017-12-27 18:10:00,0.85,0.85,0.83,0.83,5689382
2017-12-28 18:10:00,0.84,0.85,0.83,0.84,3820279
2017-12-29 18:10:00,0.84,0.85,0.84,0.84,1980952
2018-01-02 18:10:00,0.84,0.95,0.84,0.94,67993223
2018-01-03 18:10:00,0.94,1.03,0.91,0.93,65644317
2018-01-04 18:10:00,0.94,1.03,0.92,0.99,54062324
2018-01-05 18:10:00,1.0,1.02,0.95,0.97,24037067
2018-01-08 18:10:00,0.99,1.0,0.97,0.97,11957689
2018-01-09 18:10:00,0.98,1.03,0.96,0.97,28259853
2018-01-10 18:10:00,0.98,1.14,0.97,1.07,115741787
2018-01-11 18:10:00,1.09,1.14,1.02,1.03,53045615
2018-01-12 18:10:00,1.04,1.05,1.02,1.02,16589266
2018-01-15 18:10:00,1.03,1.03,0.98,1.0,14892239
2018-01-16 18:10:00,1.01,1.03,0.98,1.01,13402928
2018-01-17 18:10:00,1.01,1.07,0.98,0.98,34957623
2018-01-18 18:10:00,0.99,1.0,0.94,0.95,20579393
2018-01-19 18:10:00,0.95,0.96,0.9,0.9,16919441
2018-01-22 18:10:00,0.9,0.93,0.88,0.92,27637580
2018-01-23 18:10:00,0.93,0.94,0.91,0.94,9491109
2018-01-24 18:10:00,0.96,0.97,0.93,0.94,8944273
2018-01-25 18:10:00,0.95,0.96,0.92,0.93,9344684
2018-01-26 18:10:00,0.94,0.95,0.92,0.94,6686158
2018-01-29 18:10:00,0.94,0.95,0.92,0.93,5671691
2018-01-30 18:10:00,0.93,0.94,0.92,0.93,4870233
2018-01-31 18:10:00,0.93,0.95,0.92,0.93,13945394
2018-02-01 18:10:00,0.93,0.97,0.93,0.95,18247918
2018-02-02 18:10:00,0.96,0.97,0.94,0.96,8973850
2018-02-05 18:10:00,0.95,0.97,0.95,0.95,11736832
2018-02-06 18:10:00,0.93,0.96,0.92,0.95,11202835
2018-02-07 18:10:00,0.95,0.96,0.94,0.94,3750021
2018-02-08 18:10:00,0.94,1.01,0.93,1.0,31674313
2018-02-09 18:10:00,1.0,1.01,0.98,0.99,11885837
2018-02-12 18:10:00,1.0,1.18,0.99,1.18,40325004
2018-02-13 18:10:00,1.27,1.29,1.16,1.17,34789566
2018-02-14 18:10:00,1.16,1.4,1.16,1.4,44116101
2018-02-15 18:10:00,1.47,1.56,1.38,1.5,35471472
2018-02-16 18:10:00,1.45,1.66,1.38,1.4,61141328
2018-02-19 18:10:00,1.4,1.43,1.34,1.4,8686992
2018-02-20 18:10:00,1.4,1.41,1.12,1.12,37576691
2018-02-21 18:10:00,1.11,1.13,1.0,1.05,55638278
2018-02-22 18:10:00,1.05,1.08,1.02,1.03,16548846
2018-02-23 18:10:00,1.04,1.04,1.01,1.02,10790454
2018-02-26 18:10:00,1.03,1.04,1.01,1.01,8551190
2018-02-27 18:10:00,1.02,1.16,1.01,1.1,61940946
2018-02-28 18:10:00,1.06,1.1,1.03,1.04,6771030
2018-03-01 18:10:00,1.04,1.05,1.02,1.02,4210865
2018-03-02 18:10:00,1.02,1.07,1.01,1.05,3971766
2018-03-05 18:10:00,1.05,1.06,1.03,1.05,2344221
2018-03-06 18:10:00,1.05,1.06,1.03,1.03,3251194
2018-03-07 18:10:00,1.03,1.04,1.02,1.03,2400130
2018-03-08 18:10:00,1.03,1.04,1.03,1.03,1379501
2018-03-09 18:10:00,1.04,1.09,1.03,1.08,6194584
2018-03-12 18:10:00,1.08,1.13,1.06,1.13,6601192
2018-03-13 18:10:00,1.12,1.16,1.08,1.15,6760929
2018-03-14 18:10:00,1.15,1.16,1.12,1.15,3704594
2018-03-15 18:10:00,1.15,1.24,1.15,1.17,29923132
2018-03-16 18:10:00,1.18,1.2,1.15,1.16,12805932
2018-03-19 18:10:00,1.17,1.26,1.16,1.24,43558786
2018-03-20 18:10:00,1.24,1.27,1.22,1.23,17756528
2018-03-21 18:10:00,1.24,1.26,1.21,1.21,16315892
2018-03-22 18:10:00,1.22,1.23,1.16,1.16,14021385
2018-03-23 18:10:00,1.14,1.23,1.11,1.19,18880713
2018-03-26 18:10:00,1.19,1.24,1.19,1.22,15728841
2018-03-27 18:10:00,1.24,1.33,1.2,1.23,34489065
2018-03-28 18:10:00,1.23,1.25,1.16,1.18,18658206
2018-03-29 18:10:00,1.2,1.24,1.19,1.21,10659287
2018-03-30 18:10:00,1.22,1.27,1.22,1.26,17736250
2018-04-02 18:10:00,1.27,1.39,1.25,1.37,30232313
2018-04-03 18:10:00,1.37,1.39,1.31,1.36,19716750
2018-04-04 18:10:00,1.36,1.42,1.34,1.38,22468295
2018-04-05 18:10:00,1.38,1.41,1.28,1.3,26548650
2018-04-06 18:10:00,1.31,1.35,1.23,1.33,27640379
2018-04-09 18:10:00,1.33,1.34,1.24,1.26,14032869
2018-04-10 18:10:00,1.28,1.29,1.13,1.23,17469582
2018-04-11 18:10:00,1.23,1.27,1.15,1.22,24816814
2018-04-12 18:10:00,1.23,1.26,1.19,1.24,10440844
2018-04-13 18:10:00,1.25,1.25,1.21,1.24,4130459
2018-04-16 18:10:00,1.24,1.28,1.22,1.26,13261376
2018-04-17 18:10:00,1.27,1.31,1.23,1.26,18800677
2018-04-18 18:10:00,1.26,1.31,1.2,1.29,13955989
2018-04-19 18:10:00,1.29,1.32,1.24,1.25,15652781
2018-04-20 18:10:00,1.25,1.25,1.2,1.21,13847013
2018-04-24 18:10:00,1.22,1.22,1.17,1.18,6945350
2018-04-25 18:10:00,1.19,1.19,1.14,1.15,8191084
2018-04-26 18:10:00,1.16,1.18,1.13,1.16,7115731
2018-04-27 18:10:00,1.16,1.18,1.15,1.16,9528018
2018-04-30 18:10:00,1.17,1.17,1.12,1.12,4717423
2018-05-03 18:10:00,1.11,1.13,1.08,1.1,4162475
2018-05-04 18:10:00,1.1,1.11,1.07,1.08,3582686
2018-05-07 18:10:00,1.09,1.14,1.07,1.12,8545681
2018-05-08 18:10:00,1.13,1.14,1.09,1.1,8196795
2018-05-09 18:10:00,1.09,1.1,1.02,1.07,9435899
2018-05-10 18:10:00,1.08,1.1,1.06,1.08,4454963
2018-05-11 18:10:00,1.08,1.09,1.06,1.06,3331020
2018-05-14 18:10:00,1.07,1.08,1.05,1.07,3717765
2018-05-15 18:10:00,1.06,1.08,1.05,1.07,4986732
2018-05-16 18:10:00,1.07,1.09,1.06,1.08,5587516
2018-05-17 18:10:00,1.09,1.11,1.07,1.09,7854470
2018-05-18 18:10:00,1.09,1.1,1.07,1.07,2970779
2018-05-21 18:10:00,1.07,1.08,1.06,1.07,1660955
2018-05-22 18:10:00,1.07,1.08,1.06,1.07,1367624
2018-05-23 18:10:00,1.06,1.09,1.05,1.05,10123495
2018-05-24 18:10:00,1.06,1.07,1.03,1.03,2600671
2018-05-25 18:10:00,1.04,1.04,1.01,1.03,3216369
2018-05-28 18:10:00,1.04,1.06,1.04,1.05,2551481
2018-05-29 18:10:00,1.05,1.06,1.03,1.04,2052814
2018-05-30 18:10:00,1.05,1.06,1.04,1.04,2630654
2018-05-31 18:10:00,1.05,1.06,1.03,1.03,2285145
2018-06-01 18:10:00,1.04,1.04,0.99,1.01,2631224
2018-06-04 18:10:00,1.01,1.03,1.01,1.01,2143798
2018-06-05 18:10:00,1.01,1.02,0.99,1.0,2024208
2018-06-06 18:10:00,1.0,1.0,0.96,0.97,3936172
2018-06-07 18:10:00,0.97,0.99,0.96,0.99,3309054
2018-06-08 18:10:00,0.98,0.98,0.96,0.96,2040348
