2015-06-09 18:10:00,6.3,6.6,6.2,6.48,3409348
2015-06-10 18:10:00,6.48,6.65,6.45,6.6,1237596
2015-06-11 18:10:00,6.62,6.75,6.58,6.7,745968
2015-06-12 18:10:00,6.72,6.78,6.62,6.7,1092698
2015-06-15 18:10:00,6.65,6.72,6.42,6.42,1634752
2015-06-16 18:10:00,6.45,6.55,6.35,6.38,2949192
2015-06-17 18:10:00,6.4,6.45,6.38,6.45,1562620
2015-06-18 18:10:00,6.5,6.55,6.48,6.52,905278
2015-06-19 18:10:00,6.55,6.68,6.52,6.65,1219708
2015-06-22 18:10:00,6.72,6.92,6.72,6.82,2317604
2015-06-23 18:10:00,6.82,6.92,6.78,6.92,1715010
2015-06-24 18:10:00,6.92,7.48,6.92,7.28,4892736
2015-06-25 18:10:00,7.3,7.35,7.1,7.12,1637042
2015-06-26 18:10:00,7.1,7.12,7.05,7.05,872322
2015-06-29 18:10:00,7.0,7.2,6.95,6.98,1913988
2015-06-30 18:10:00,6.98,7.0,6.88,6.95,1589966
2015-07-01 18:10:00,7.0,7.1,6.92,7.1,1583786
2015-07-02 18:10:00,7.1,7.2,7.0,7.2,1381738
2015-07-03 18:10:00,7.2,7.2,7.05,7.08,457712
2015-07-06 18:10:00,7.05,7.2,7.02,7.15,955908
2015-07-07 18:10:00,7.2,7.38,7.18,7.45,1495508
2015-07-08 18:10:00,7.42,7.45,7.25,7.32,1022250
2015-07-09 18:10:00,7.4,7.58,7.35,7.5,1138002
2015-07-10 18:10:00,7.55,7.7,7.5,7.68,1710484
2015-07-13 18:10:00,7.7,8.08,7.7,7.82,2428612
2015-07-14 18:10:00,7.85,7.92,7.58,7.6,1341662
2015-07-15 18:10:00,7.65,7.75,7.52,7.65,1358360
2015-07-16 18:10:00,7.65,7.9,7.6,7.88,794736
2015-07-20 18:10:00,7.88,7.95,7.65,7.68,1294832
2015-07-21 18:10:00,7.75,7.8,7.62,7.65,861656
2015-07-22 18:10:00,7.68,7.7,7.45,7.5,1353972
2015-07-23 18:10:00,7.6,7.7,7.2,7.4,1403746
2015-07-24 18:10:00,7.38,7.65,7.3,7.52,1377202
2015-07-27 18:10:00,7.42,7.48,7.25,7.32,1200174
2015-07-28 18:10:00,7.38,7.85,7.32,7.8,7015182
2015-07-29 18:10:00,7.78,7.8,7.58,7.65,4843226
2015-07-30 18:10:00,7.62,7.65,7.52,7.52,1316144
2015-07-31 18:10:00,7.52,7.58,7.42,7.5,2138328
2015-08-03 18:10:00,7.5,7.5,7.4,7.4,760338
2015-08-04 18:10:00,7.4,7.4,7.3,7.3,874042
2015-08-05 18:10:00,7.3,7.4,7.28,7.28,683840
2015-08-06 18:10:00,7.3,7.45,7.28,7.38,1391698
2015-08-07 18:10:00,7.4,7.4,7.25,7.28,738002
2015-08-10 18:10:00,7.3,7.3,7.0,7.0,1052086
2015-08-11 18:10:00,7.42,7.42,7.18,7.28,1062958
2015-08-12 18:10:00,7.2,7.22,7.1,7.12,848298
2015-08-13 18:10:00,7.15,7.22,7.05,7.22,607212
2015-08-14 18:10:00,7.22,7.32,7.12,7.3,630214
2015-08-17 18:10:00,7.3,7.3,7.1,7.12,521140
2015-08-18 18:10:00,7.05,7.22,7.05,7.15,579846
2015-08-19 18:10:00,7.18,7.22,7.1,7.12,426810
2015-08-20 18:10:00,7.1,7.28,7.02,7.05,775784
2015-08-21 18:10:00,7.08,7.2,7.05,7.05,739210
2015-08-24 18:10:00,7.05,7.05,6.82,6.88,610344
2015-08-25 18:10:00,6.9,7.12,6.9,7.1,1219358
2015-08-26 18:10:00,7.12,7.15,7.02,7.1,783614
2015-08-27 18:10:00,7.2,7.2,7.0,7.0,1080640
2015-08-28 18:10:00,7.08,7.12,7.05,7.08,558842
2015-08-31 18:10:00,7.1,7.15,7.08,7.12,269544
2015-09-01 18:10:00,7.1,7.1,6.98,7.05,449982
2015-09-02 18:10:00,7.08,7.12,7.0,7.0,336326
2015-09-03 18:10:00,7.08,7.1,6.95,7.0,412336
2015-09-04 18:10:00,6.98,6.98,6.8,6.8,563222
2015-09-07 18:10:00,6.75,6.78,6.65,6.7,478538
2015-09-08 18:10:00,6.75,6.78,6.58,6.58,632964
2015-09-09 18:10:00,6.65,6.68,6.55,6.58,1297160
2015-09-10 18:10:00,6.52,6.68,6.5,6.55,1383230
2015-09-11 18:10:00,6.6,6.62,6.5,6.5,834506
2015-09-14 18:10:00,6.5,6.6,6.5,6.6,969008
2015-09-15 18:10:00,6.65,6.98,6.65,6.92,1836238
2015-09-16 18:10:00,6.92,7.08,6.85,6.92,655208
2015-09-17 18:10:00,6.92,7.05,6.92,7.02,307240
2015-09-18 18:10:00,7.08,7.08,6.85,6.98,846546
2015-09-21 18:10:00,6.98,7.12,6.98,7.08,1265382
2015-09-22 18:10:00,7.1,7.12,6.95,7.05,429758
2015-09-23 18:10:00,7.0,7.05,6.98,7.02,111906
2015-09-28 18:10:00,7.02,7.1,6.85,6.88,1085886
2015-09-29 18:10:00,6.88,7.0,6.6,7.0,1922768
2015-09-30 18:10:00,7.05,7.08,6.88,6.88,1011308
2015-10-01 18:10:00,6.95,7.02,6.9,7.0,1069772
2015-10-02 18:10:00,7.0,7.0,6.9,7.0,263820
2015-10-05 18:10:00,7.08,7.15,7.0,7.12,1336560
2015-10-06 18:10:00,7.1,7.32,7.08,7.28,2627356
2015-10-07 18:10:00,7.32,7.58,7.32,7.52,2996658
2015-10-08 18:10:00,7.48,7.5,7.35,7.42,2794918
2015-10-09 18:10:00,7.48,7.5,7.42,7.45,4037456
2015-10-12 18:10:00,7.35,7.45,7.35,7.42,884526
2015-10-13 18:10:00,7.38,7.42,7.32,7.35,945284
2015-10-14 18:10:00,7.35,7.42,7.35,7.4,873142
2015-10-15 18:10:00,7.5,7.5,7.4,7.4,1416222
2015-10-16 18:10:00,7.48,7.48,7.15,7.15,1062976
2015-10-19 18:10:00,7.3,7.38,7.22,7.35,637548
2015-10-20 18:10:00,7.35,7.38,7.3,7.35,665120
2015-10-21 18:10:00,7.38,7.42,7.3,7.35,534230
2015-10-22 18:10:00,7.38,7.38,7.28,7.32,638152
2015-10-23 18:10:00,7.38,7.42,7.32,7.32,753900
2015-10-26 18:10:00,7.35,7.38,7.22,7.28,875062
2015-10-27 18:10:00,7.28,7.3,7.1,7.12,606550
2015-10-28 18:10:00,7.12,7.12,7.02,7.05,479120
2015-10-30 18:10:00,7.02,7.05,6.92,6.98,1453356
2015-11-02 18:10:00,7.62,7.62,7.3,7.4,2570112
2015-11-03 18:10:00,7.4,7.4,7.3,7.4,1548024
2015-11-04 18:10:00,7.38,7.4,7.35,7.38,1025238
2015-11-05 18:10:00,7.35,7.38,7.28,7.3,679860
2015-11-06 18:10:00,7.32,7.32,7.18,7.22,1457974
2015-11-09 19:10:00,7.15,7.4,7.08,7.35,2386218
2015-11-10 19:10:00,7.38,7.4,7.28,7.28,970852
2015-11-11 19:10:00,7.32,7.35,7.25,7.28,574132
2015-11-12 19:10:00,7.32,7.42,7.3,7.38,1590864
2015-11-13 19:10:00,7.38,7.52,7.38,7.5,2889556
2015-11-16 19:10:00,7.8,8.2,7.7,8.2,10248088
2015-11-17 19:10:00,8.18,8.3,7.88,7.92,5473226
2015-11-18 19:10:00,7.95,8.12,7.72,7.8,2542022
2015-11-19 19:10:00,7.88,8.05,7.8,7.82,2276504
2015-11-20 19:10:00,7.85,7.92,7.8,7.88,1840372
2015-11-23 19:10:00,7.92,8.22,7.92,8.08,4677488
2015-11-24 19:10:00,8.08,8.22,7.78,7.92,3943482
2015-11-25 19:10:00,8.0,8.2,8.0,8.2,2932398
2015-11-26 19:10:00,8.25,8.3,8.0,8.08,1754764
2015-11-27 19:10:00,8.2,8.2,8.02,8.05,1381434
2015-11-30 19:10:00,8.05,8.51,8.03,8.3,4068188
2015-12-01 19:10:00,8.33,8.49,8.32,8.4,2023530
2015-12-02 19:10:00,8.42,8.57,8.3,8.3,1868822
2015-12-03 19:10:00,8.32,8.45,8.08,8.1,1281948
2015-12-04 19:10:00,8.15,8.19,8.0,8.17,828210
2015-12-07 19:10:00,8.2,8.4,8.13,8.15,1138880
2015-12-08 19:10:00,8.2,8.28,8.11,8.12,1001174
2015-12-09 19:10:00,8.14,8.19,7.5,8.08,930740
2015-12-10 19:10:00,8.08,8.15,7.72,7.86,883710
2015-12-11 19:10:00,7.86,7.92,7.58,7.68,1593180
2015-12-14 19:10:00,7.7,7.98,7.68,7.74,1430946
2015-12-15 19:10:00,7.75,8.0,7.75,7.94,908162
2015-12-16 19:10:00,7.95,8.14,7.89,8.14,1542884
2015-12-17 19:10:00,8.2,8.66,8.16,8.52,3463154
2015-12-18 19:10:00,8.52,8.6,8.35,8.4,1246958
2015-12-21 19:10:00,8.4,8.7,8.4,8.56,1124324
2015-12-22 19:10:00,8.56,8.61,8.45,8.58,732134
2015-12-23 19:10:00,8.58,8.68,8.56,8.56,642518
2015-12-24 19:10:00,8.59,8.62,8.46,8.46,650140
2015-12-25 19:10:00,8.46,8.64,8.36,8.54,790258
2015-12-28 19:10:00,8.55,8.66,8.48,8.52,1207412
2015-12-29 19:10:00,8.52,8.59,8.5,8.52,459736
2015-12-30 19:10:00,8.52,8.57,8.38,8.44,756414
2015-12-31 19:10:00,8.48,8.52,8.38,8.44,638184
2016-01-04 19:10:00,8.44,8.66,8.32,8.56,1045428
2016-01-05 19:10:00,8.5,8.76,8.5,8.67,2916092
2016-01-06 19:10:00,8.68,8.78,8.66,8.74,1242554
2016-01-07 19:10:00,8.74,8.77,8.61,8.75,1195084
2016-01-08 19:10:00,8.75,8.94,8.74,8.9,1058532
2016-01-11 19:10:00,8.9,9.11,8.88,9.08,1139992
2016-01-12 19:10:00,9.08,9.4,9.08,9.38,1775400
2016-01-13 19:10:00,9.41,9.54,9.22,9.24,2504828
2016-01-14 19:10:00,9.28,9.38,9.08,9.12,1102442
2016-01-15 19:10:00,9.12,9.22,8.95,9.06,895682
2016-01-18 19:10:00,9.08,9.18,8.95,8.96,693336
2016-01-19 19:10:00,8.99,9.24,8.99,9.17,947822
2016-01-20 19:10:00,9.11,9.12,8.95,8.97,1270338
2016-01-21 19:10:00,8.98,9.0,8.59,8.7,1173738
2016-01-22 19:10:00,8.82,8.94,8.76,8.94,825986
2016-01-25 19:10:00,8.96,9.37,8.96,9.37,1251438
2016-01-26 19:10:00,9.35,9.36,9.23,9.28,1288206
2016-01-27 19:10:00,9.28,9.32,9.17,9.17,1113568
2016-01-28 19:10:00,9.22,9.24,9.04,9.04,1126838
2016-01-29 19:10:00,9.08,9.15,9.05,9.05,933070
2016-02-01 19:10:00,9.08,9.08,8.9,8.99,1117622
2016-02-02 19:10:00,9.0,9.17,8.96,9.02,630892
2016-02-03 19:10:00,9.02,9.12,8.96,9.05,1245592
2016-02-04 19:10:00,9.12,9.14,8.95,8.95,538114
2016-02-05 19:10:00,8.96,9.02,8.92,8.95,583824
2016-02-08 19:10:00,8.95,8.98,8.74,8.76,833924
2016-02-09 19:10:00,8.75,8.8,8.48,8.68,959382
2016-02-10 19:10:00,8.69,8.84,8.68,8.75,492120
2016-02-11 19:10:00,8.74,8.74,8.52,8.64,539794
2016-02-12 19:10:00,8.64,8.65,8.56,8.56,356724
2016-02-15 19:10:00,8.6,8.64,8.44,8.45,1175192
2016-02-16 19:10:00,8.48,8.56,8.38,8.38,677006
2016-02-17 19:10:00,8.38,8.6,8.25,8.6,882812
2016-02-18 19:10:00,8.52,8.68,8.5,8.66,890206
2016-02-19 19:10:00,8.64,8.66,8.46,8.6,608334
2016-02-22 19:10:00,8.72,8.78,8.65,8.71,1376480
2016-02-23 19:10:00,8.78,8.87,8.72,8.79,1519962
2016-02-24 19:10:00,8.85,8.85,8.78,8.78,933814
2016-02-25 19:10:00,8.78,8.94,8.78,8.85,629972
2016-02-26 19:10:00,8.86,8.9,8.78,8.78,569566
2016-02-29 19:10:00,8.78,8.84,8.74,8.82,515804
2016-03-01 19:10:00,8.84,9.0,8.82,9.0,1166612
2016-03-02 19:10:00,9.05,9.22,9.05,9.13,1449802
2016-03-03 19:10:00,9.14,9.55,9.1,9.1,3391906
2016-03-04 19:10:00,9.11,9.12,8.88,9.06,884644
2016-03-07 19:10:00,9.12,9.18,9.0,9.06,689366
2016-03-08 19:10:00,9.04,9.04,8.45,8.58,5542690
2016-03-09 19:10:00,8.62,8.64,8.44,8.58,2480938
2016-03-10 19:10:00,8.6,8.65,8.55,8.56,1998738
2016-03-11 19:10:00,8.6,8.68,8.58,8.6,1804046
2016-03-14 19:10:00,8.6,8.64,8.58,8.6,1052782
2016-03-15 19:10:00,8.62,8.66,8.58,8.58,1398194
2016-03-16 19:10:00,8.6,8.66,8.58,8.6,965194
2016-03-17 19:10:00,8.64,8.7,8.63,8.68,1346214
2016-03-18 19:10:00,8.68,8.85,8.65,8.85,2415880
2016-03-21 19:10:00,8.85,9.06,8.78,9.02,1906908
2016-03-22 19:10:00,9.02,9.02,8.82,8.96,1396774
2016-03-23 19:10:00,8.95,8.97,8.65,8.68,1500762
2016-03-24 19:10:00,8.66,8.94,8.6,8.94,1591594
2016-03-25 19:10:00,9.14,9.24,9.02,9.02,3507164
2016-03-28 18:10:00,9.04,9.15,9.04,9.05,666630
2016-03-29 18:10:00,9.08,9.14,9.04,9.05,1230910
2016-03-30 18:10:00,9.1,9.23,9.06,9.1,1819788
2016-03-31 18:10:00,9.12,9.22,9.08,9.15,1370682
2016-04-01 18:10:00,9.15,9.23,9.1,9.14,2246720
2016-04-04 18:10:00,9.19,9.35,9.16,9.32,1076670
2016-04-05 18:10:00,9.32,9.5,9.32,9.36,1100332
2016-04-06 18:10:00,9.36,9.45,9.36,9.4,847774
2016-04-07 18:10:00,9.46,9.54,9.39,9.42,1434272
2016-04-08 18:10:00,9.46,9.56,9.46,9.56,1306846
2016-04-11 18:10:00,9.6,9.63,9.58,9.6,830106
2016-04-12 18:10:00,9.6,10.0,9.58,9.92,2659118
2016-04-13 18:10:00,10.02,10.35,10.02,10.2,3490250
2016-04-14 18:10:00,10.22,10.25,9.94,10.05,1345164
2016-04-15 18:10:00,10.1,10.2,10.04,10.05,1255456
2016-04-18 18:10:00,10.08,10.08,9.96,9.96,909394
2016-04-19 18:10:00,10.02,10.04,9.88,9.99,1638202
2016-04-20 18:10:00,10.0,10.08,9.94,10.0,1089398
2016-04-21 18:10:00,10.02,10.07,9.88,9.92,840228
2016-04-22 18:10:00,9.98,10.0,9.92,9.96,735372
2016-04-25 18:10:00,9.91,9.99,9.91,9.94,412670
2016-04-26 18:10:00,9.98,9.98,9.94,9.94,442792
2016-04-27 18:10:00,9.94,10.3,9.94,10.06,3100206
2016-04-28 18:10:00,10.12,10.16,10.03,10.03,674786
2016-04-29 18:10:00,10.06,10.08,9.96,9.98,716294
2016-05-02 18:10:00,10.0,10.04,9.89,9.89,804658
2016-05-03 18:10:00,9.89,9.96,9.7,9.76,1041638
2016-05-04 18:10:00,9.76,9.76,9.28,9.5,1524706
2016-05-05 18:10:00,9.01,9.5,9.0,9.42,2689808
2016-05-06 18:10:00,9.38,9.78,9.36,9.78,1001088
2016-05-09 18:10:00,9.8,10.1,9.8,9.92,913484
2016-05-10 18:10:00,9.95,10.0,9.84,9.9,672178
2016-05-11 18:10:00,9.92,10.01,9.9,9.96,970186
2016-05-12 18:10:00,10.02,10.08,9.99,10.04,728778
2016-05-13 18:10:00,10.0,10.2,10.0,10.0,796002
2016-05-16 18:10:00,10.07,10.08,9.7,9.76,744154
2016-05-17 18:10:00,9.78,9.86,9.68,9.74,732444
2016-05-18 18:10:00,9.75,9.76,9.5,9.6,1220652
2016-05-20 18:10:00,9.61,9.62,9.46,9.5,1246238
2016-05-23 18:10:00,9.54,9.74,9.5,9.67,1150040
2016-05-24 18:10:00,9.68,10.03,9.68,10.0,1455566
2016-05-25 18:10:00,10.35,10.5,9.94,9.98,3089084
2016-05-26 18:10:00,9.99,10.0,9.8,9.84,935580
2016-05-27 18:10:00,9.9,10.02,9.8,9.97,877183
2016-05-30 18:10:00,9.98,10.12,9.98,10.08,908583
2016-05-31 18:10:00,10.11,10.16,9.95,9.97,1057445
2016-06-01 18:10:00,10.0,10.11,9.76,9.83,2711591
2016-06-02 18:10:00,9.85,9.89,9.67,9.74,1174472
2016-06-03 18:10:00,9.75,9.85,9.72,9.8,1005738
2016-06-06 18:10:00,9.86,9.91,9.5,9.69,1175876
2016-06-07 18:10:00,9.69,9.73,9.6,9.6,2132749
2016-06-08 18:10:00,9.65,9.74,9.6,9.69,867063
2016-06-09 18:10:00,9.7,9.76,9.54,9.64,830942
2016-06-10 18:10:00,9.62,9.62,9.48,9.6,670251
2016-06-13 18:10:00,9.6,9.6,9.3,9.38,737227
2016-06-14 18:10:00,9.41,9.42,9.1,9.18,1431424
2016-06-15 18:10:00,9.2,9.31,9.17,9.22,1054100
2016-06-16 18:10:00,9.21,9.22,9.02,9.06,665534
2016-06-17 18:10:00,9.07,9.18,9.07,9.15,605647
2016-06-20 18:10:00,9.22,9.55,9.22,9.52,1622105
2016-06-21 18:10:00,9.64,9.67,9.46,9.51,1005744
2016-06-22 18:10:00,9.51,9.58,9.32,9.32,607023
2016-06-23 18:10:00,9.44,9.58,9.29,9.51,1167309
2016-06-24 18:10:00,8.81,9.51,8.81,9.51,1640425
2016-06-27 18:10:00,9.52,9.52,9.35,9.39,512718
2016-06-28 18:10:00,9.44,9.56,9.44,9.51,907066
2016-06-29 18:10:00,9.45,9.52,9.42,9.46,657810
2016-06-30 18:10:00,9.48,9.53,9.42,9.42,415819
2016-07-01 18:10:00,9.43,9.72,9.43,9.72,1183204
2016-07-04 18:10:00,9.72,9.79,9.67,9.73,221705
2016-07-08 18:10:00,9.73,9.83,9.72,9.81,933473
2016-07-11 18:10:00,9.82,9.89,9.77,9.83,602107
2016-07-12 18:10:00,9.87,9.87,9.8,9.85,782457
2016-07-13 18:10:00,9.86,10.04,9.85,10.01,1427308
2016-07-14 18:10:00,10.03,10.06,9.97,10.04,1109941
2016-07-15 18:10:00,10.04,10.05,9.92,9.95,582011
2016-07-18 18:10:00,9.35,9.71,8.79,9.08,3509686
2016-07-19 18:10:00,9.1,9.6,9.02,9.16,2554278
2016-07-20 18:10:00,9.16,9.46,9.16,9.39,1536620
2016-07-21 18:10:00,9.28,9.29,8.96,9.01,2320865
2016-07-22 18:10:00,9.1,9.16,8.9,8.9,2703907
2016-07-25 18:10:00,9.0,9.12,9.0,9.1,1779041
2016-07-26 18:10:00,9.16,9.22,9.01,9.04,1866528
2016-07-27 18:10:00,9.08,9.34,9.06,9.34,2193602
2016-07-28 18:10:00,9.39,9.56,9.38,9.48,1352433
2016-07-29 18:10:00,9.54,9.54,9.4,9.45,1019761
2016-08-01 18:10:00,9.55,9.65,9.53,9.55,711167
2016-08-02 18:10:00,9.75,9.75,9.53,9.6,1069241
2016-08-03 18:10:00,9.6,9.6,9.26,9.32,1347968
2016-08-04 18:10:00,9.35,9.48,9.27,9.48,1305177
2016-08-05 18:10:00,9.49,9.54,9.31,9.35,1006207
2016-08-08 18:10:00,9.5,9.54,9.43,9.5,976172
2016-08-09 18:10:00,9.5,9.52,9.45,9.49,938951
2016-08-10 18:10:00,9.49,9.52,9.39,9.41,854666
2016-08-11 18:10:00,9.44,9.46,9.39,9.46,740665
2016-08-12 18:10:00,9.48,9.5,9.39,9.4,566031
2016-08-15 18:10:00,9.42,9.5,9.42,9.5,594755
2016-08-16 18:10:00,9.52,9.6,9.39,9.4,1103315
2016-08-17 18:10:00,9.43,9.52,9.38,9.46,689326
2016-08-18 18:10:00,9.49,9.52,9.33,9.33,1231560
2016-08-19 18:10:00,9.35,9.4,9.32,9.35,464741
2016-08-22 18:10:00,9.35,9.46,9.31,9.41,646709
2016-08-23 18:10:00,9.41,9.44,9.35,9.38,742431
2016-08-24 18:10:00,9.36,9.46,9.3,9.42,1488356
2016-08-25 18:10:00,9.44,9.48,9.37,9.38,627283
2016-08-26 18:10:00,9.4,9.43,9.35,9.41,476938
2016-08-29 18:10:00,9.41,9.49,9.36,9.42,809652
2016-08-31 18:10:00,9.44,9.5,9.42,9.45,914794
2016-09-01 18:10:00,9.46,9.59,9.41,9.55,1785895
2016-09-02 18:10:00,9.54,9.65,9.53,9.62,1144132
2016-09-05 18:10:00,9.67,9.77,9.67,9.69,861294
2016-09-06 18:10:00,9.73,9.8,9.69,9.74,617977
2016-09-07 18:10:00,9.77,9.77,9.63,9.66,594058
2016-09-08 18:10:00,9.64,9.71,9.59,9.64,667811
2016-09-09 18:10:00,9.63,9.65,9.53,9.59,598969
2016-09-16 18:10:00,9.61,9.66,9.46,9.48,398161
2016-09-19 18:10:00,9.49,9.65,9.49,9.65,654591
2016-09-20 18:10:00,9.64,9.65,9.55,9.57,320311
2016-09-21 18:10:00,9.59,9.62,9.49,9.54,625822
2016-09-22 18:10:00,9.6,9.7,9.57,9.68,854285
2016-09-23 18:10:00,9.68,9.72,9.63,9.71,987409
2016-09-26 18:10:00,9.42,9.5,9.31,9.35,1343182
2016-09-27 18:10:00,9.35,9.47,9.35,9.42,615801
2016-09-28 18:10:00,9.43,9.48,9.43,9.43,415574
2016-09-29 18:10:00,9.44,9.46,9.39,9.46,312692
2016-09-30 18:10:00,9.45,9.46,9.36,9.41,666810
2016-10-03 18:10:00,9.44,9.49,9.42,9.47,650250
2016-10-04 18:10:00,9.5,9.51,9.41,9.42,1386392
2016-10-05 18:10:00,9.42,9.44,9.38,9.44,652965
2016-10-06 18:10:00,9.44,9.49,9.42,9.44,751134
2016-10-07 18:10:00,9.45,9.5,9.41,9.48,506651
2016-10-10 18:10:00,9.5,9.6,9.43,9.47,978045
2016-10-11 18:10:00,9.49,9.49,9.42,9.46,845976
2016-10-12 18:10:00,9.48,9.5,9.39,9.47,719340
2016-10-13 18:10:00,9.47,9.47,9.32,9.43,916908
2016-10-14 18:10:00,9.42,9.44,9.34,9.44,455489
2016-10-17 18:10:00,9.43,9.44,9.38,9.41,437385
2016-10-18 18:10:00,9.41,9.48,9.41,9.44,540957
2016-10-19 18:10:00,9.46,9.57,9.44,9.54,1412365
2016-10-20 18:10:00,9.55,9.6,9.54,9.57,774436
2016-10-21 18:10:00,9.57,9.57,9.48,9.55,1055937
2016-10-24 18:10:00,9.56,9.64,9.53,9.56,1975005
2016-10-25 18:10:00,9.57,9.64,9.56,9.56,1033783
2016-10-26 18:10:00,9.58,9.6,9.49,9.53,903825
2016-10-27 18:10:00,9.53,9.56,9.46,9.47,728254
2016-10-28 18:10:00,9.48,9.5,9.44,9.47,417469
2016-10-31 18:10:00,9.47,9.49,9.4,9.4,432992
2016-11-01 18:10:00,9.43,9.48,9.39,9.4,1302854
2016-11-02 18:10:00,9.45,9.46,9.33,9.4,783013
2016-11-03 18:10:00,9.42,9.45,9.34,9.42,738513
2016-11-04 18:10:00,9.38,9.4,9.33,9.39,1151682
2016-11-07 18:10:00,9.4,9.52,9.4,9.42,676070
2016-11-08 18:10:00,9.42,9.6,9.42,9.52,2182804
2016-11-09 18:10:00,9.52,10.04,9.45,9.9,4534173
2016-11-10 18:10:00,9.93,10.63,9.86,10.35,7691530
2016-11-11 18:10:00,10.35,10.5,10.11,10.36,4637442
2016-11-14 18:10:00,10.38,10.56,10.38,10.5,4028142
2016-11-15 18:10:00,10.51,10.54,10.4,10.44,2667871
2016-11-16 18:10:00,10.44,10.66,10.42,10.5,3492215
2016-11-17 18:10:00,10.53,10.9,10.52,10.77,4822827
2016-11-18 18:10:00,10.78,11.0,10.76,10.86,4155742
2016-11-21 18:10:00,10.91,10.93,10.69,10.7,3118064
2016-11-22 18:10:00,10.71,10.78,10.66,10.75,1913028
2016-11-23 18:10:00,10.77,10.95,10.77,10.95,2132105
2016-11-24 18:10:00,10.96,11.43,10.96,11.3,4422324
2016-11-25 18:10:00,11.35,11.4,10.81,11.09,4395522
2016-11-28 18:10:00,11.2,11.25,10.84,10.85,2585276
2016-11-29 18:10:00,10.85,11.05,10.81,10.96,3246070
2016-11-30 18:10:00,11.0,11.09,10.9,11.06,1698702
2016-12-01 18:10:00,11.05,11.1,10.74,10.82,1565182
2016-12-02 18:10:00,10.82,11.09,10.74,11.09,1537919
2016-12-05 18:10:00,11.09,11.21,11.0,11.06,1072423
2016-12-06 18:10:00,11.1,11.17,11.07,11.12,2201339
2016-12-07 18:10:00,11.17,11.28,11.08,11.14,2404536
2016-12-08 18:10:00,11.18,11.2,10.97,11.08,1231817
2016-12-09 18:10:00,11.09,11.14,11.0,11.08,658492
2016-12-12 18:10:00,11.06,11.19,11.06,11.17,1190722
2016-12-13 18:10:00,11.21,11.23,11.12,11.15,1148900
2016-12-14 18:10:00,11.16,11.23,11.12,11.15,941712
2016-12-15 18:10:00,11.1,11.45,11.09,11.44,1677199
2016-12-16 18:10:00,11.46,11.9,11.44,11.88,2933150
2016-12-19 18:10:00,11.94,12.45,11.9,11.94,4002286
2016-12-20 18:10:00,11.96,12.24,11.96,12.23,2702373
2016-12-21 18:10:00,12.27,12.35,12.11,12.17,1894220
2016-12-22 18:10:00,12.21,12.24,11.97,12.06,1601039
2016-12-23 18:10:00,12.09,12.11,11.93,11.93,1408710
2016-12-26 18:10:00,11.97,12.17,11.97,12.15,1134041
2016-12-27 18:10:00,12.15,12.23,12.05,12.11,1316369
2016-12-28 18:10:00,12.12,12.19,12.06,12.09,1180745
2016-12-29 18:10:00,12.1,12.16,12.07,12.09,1248277
2016-12-30 18:10:00,12.14,13.1,11.98,12.71,1756300
2017-01-02 18:10:00,12.42,12.46,12.18,12.24,2625017
2017-01-03 18:10:00,12.25,12.31,12.05,12.05,1321224
2017-01-04 18:10:00,12.08,12.25,12.08,12.16,1311146
2017-01-05 18:10:00,12.23,12.31,12.1,12.27,1987587
2017-01-06 18:10:00,12.27,12.43,12.2,12.37,1872580
2017-01-09 18:10:00,12.38,13.07,12.38,12.99,4663611
2017-01-10 18:10:00,13.0,13.51,13.0,13.25,4936868
2017-01-11 18:10:00,13.3,13.36,13.11,13.11,2256658
2017-01-12 18:10:00,13.19,13.3,13.13,13.16,2352776
2017-01-13 18:10:00,13.2,13.29,13.12,13.18,2118188
2017-01-16 18:10:00,13.25,13.78,13.22,13.7,5802524
2017-01-17 18:10:00,13.72,14.35,13.55,14.1,6432695
2017-01-18 18:10:00,14.14,14.33,13.82,13.89,5909898
2017-01-19 18:10:00,13.91,14.12,13.54,13.68,3767946
2017-01-20 18:10:00,13.74,13.94,13.58,13.72,4615821
2017-01-23 18:10:00,13.79,13.88,13.66,13.7,1886454
2017-01-24 18:10:00,13.72,13.76,13.51,13.51,2186206
2017-01-25 18:10:00,13.55,13.58,13.06,13.06,4078799
2017-01-26 18:10:00,13.09,13.67,12.73,13.44,9411996
2017-01-27 18:10:00,13.48,13.61,13.3,13.32,2422377
2017-01-30 18:10:00,13.26,13.61,13.22,13.58,2802852
2017-01-31 18:10:00,13.63,13.93,13.62,13.66,4628234
2017-02-01 18:10:00,13.68,13.77,13.6,13.68,1904991
2017-02-02 18:10:00,13.75,13.87,13.6,13.62,2419878
2017-02-03 18:10:00,13.67,13.74,13.58,13.65,1415049
2017-02-06 18:10:00,13.73,14.12,13.7,14.02,8250755
2017-02-07 18:10:00,14.04,14.18,13.86,14.0,3857453
2017-02-08 18:10:00,14.07,14.1,13.85,13.92,2830120
2017-02-09 18:10:00,13.95,13.99,13.86,13.9,1283940
2017-02-10 18:10:00,13.95,14.12,13.87,13.94,2455370
2017-02-13 18:10:00,13.98,14.07,13.93,13.93,2701165
2017-02-14 18:10:00,13.95,13.99,13.6,13.78,3421911
2017-02-15 18:10:00,13.81,13.87,13.42,13.47,4175748
2017-02-16 18:10:00,13.55,13.66,13.3,13.35,3371953
2017-02-17 18:10:00,13.39,13.48,13.3,13.35,3030445
2017-02-20 18:10:00,13.43,13.55,13.32,13.35,2830847
2017-02-21 18:10:00,13.6,14.03,13.6,13.92,14111476
2017-02-22 18:10:00,13.98,14.0,13.82,13.89,3611811
2017-02-23 18:10:00,13.95,14.2,13.9,14.2,7676672
2017-02-24 18:10:00,14.22,14.33,14.13,14.2,3610459
2017-02-27 18:10:00,14.25,14.62,14.15,14.58,5795366
2017-02-28 18:10:00,14.59,15.21,14.59,15.15,7989546
2017-03-01 18:10:00,15.2,16.08,15.1,15.99,11427577
2017-03-02 18:10:00,16.03,16.59,15.68,15.77,14417908
2017-03-03 18:10:00,15.83,16.04,15.78,15.78,5657251
2017-03-06 18:10:00,15.87,15.93,15.72,15.89,3656349
2017-03-07 18:10:00,15.98,16.55,15.92,16.48,8554367
2017-03-08 18:10:00,16.55,16.9,16.54,16.78,7983937
2017-03-09 18:10:00,16.17,16.85,15.85,16.55,11687762
2017-03-10 18:10:00,16.62,16.84,16.55,16.82,4128365
2017-03-13 18:10:00,16.86,17.35,16.86,17.32,4558118
2017-03-14 18:10:00,17.51,18.17,17.51,17.9,11891286
2017-03-15 18:10:00,18.03,18.17,17.7,17.76,6327417
2017-03-16 18:10:00,17.75,17.86,17.3,17.55,6775048
2017-03-17 18:10:00,17.52,17.52,16.57,17.35,15073099
2017-03-20 18:10:00,17.47,17.65,17.35,17.48,4663925
2017-03-21 18:10:00,17.54,17.6,17.06,17.06,7923156
2017-03-22 18:10:00,17.0,17.37,16.62,17.13,9388430
2017-03-23 18:10:00,17.19,17.33,17.07,17.14,3387436
2017-03-24 18:10:00,17.17,17.22,17.08,17.14,2274416
2017-03-27 18:10:00,17.18,17.19,16.81,16.82,3467165
2017-03-28 18:10:00,16.87,17.03,16.76,16.9,2688842
2017-03-29 18:10:00,16.87,17.22,16.73,17.14,5882592
2017-03-30 18:10:00,17.33,17.44,17.21,17.25,3774263
2017-03-31 18:10:00,17.3,17.31,16.99,16.99,3720483
2017-04-03 18:10:00,17.0,17.15,16.96,17.14,2834309
2017-04-04 18:10:00,17.15,17.27,17.07,17.09,2987793
2017-04-05 18:10:00,17.13,17.22,17.08,17.16,5536193
2017-04-06 18:10:00,17.17,17.25,16.98,16.99,3464254
2017-04-07 18:10:00,17.07,17.2,17.0,17.0,2422247
2017-04-10 18:10:00,17.09,17.23,17.01,17.15,3727349
2017-04-11 18:10:00,17.18,17.2,17.08,17.08,2320385
2017-04-12 18:10:00,17.1,17.16,17.05,17.12,2028199
2017-04-13 18:10:00,17.15,17.17,16.9,16.9,3409671
2017-04-14 18:10:00,16.9,17.02,16.73,16.97,2114789
2017-04-17 18:10:00,17.09,17.24,17.09,17.12,1734539
2017-04-18 18:10:00,17.1,17.23,17.03,17.23,3962543
2017-04-19 18:10:00,17.3,18.14,17.3,18.03,17226250
2017-04-20 18:10:00,18.15,19.22,18.15,19.17,14794427
2017-04-21 18:10:00,19.35,19.62,18.76,18.8,15109463
2017-04-24 18:10:00,18.95,19.12,18.8,18.8,4710887
2017-04-25 18:10:00,18.87,18.9,18.6,18.7,6471274
2017-04-26 18:10:00,18.72,19.07,18.66,18.81,5644547
2017-04-27 18:10:00,18.85,18.98,18.82,18.83,3308300
2017-04-28 18:10:00,18.87,19.57,18.72,19.53,11308608
2017-05-02 18:10:00,19.8,21.18,19.8,20.68,21794003
2017-05-03 18:10:00,20.86,21.08,20.22,20.28,9721133
2017-05-04 18:10:00,20.32,20.92,20.18,20.9,11361357
2017-05-05 18:10:00,21.1,21.78,20.92,21.18,19210832
2017-05-08 18:10:00,21.36,21.58,21.08,21.14,7918370
2017-05-09 18:10:00,21.48,21.6,20.84,20.9,12795880
2017-05-10 18:10:00,20.92,21.12,20.4,20.98,16574405
2017-05-11 18:10:00,21.1,21.16,20.72,20.74,9529729
2017-05-12 18:10:00,20.84,20.94,20.52,20.64,4930191
2017-05-15 18:10:00,20.72,21.36,20.6,21.2,14156933
2017-05-16 18:10:00,21.32,22.22,21.32,22.0,25309872
2017-05-17 18:10:00,22.12,22.56,21.94,22.08,19667443
2017-05-18 18:10:00,21.96,22.06,20.96,21.28,17749929
2017-05-22 18:10:00,21.44,21.54,20.96,21.0,11587825
2017-05-23 18:10:00,21.0,21.58,20.82,21.34,14557252
2017-05-24 18:10:00,21.46,21.76,21.34,21.34,9757023
2017-05-25 18:10:00,21.42,21.48,21.22,21.22,5735392
2017-05-26 18:10:00,21.24,21.46,21.06,21.28,7776371
2017-05-29 18:10:00,21.38,21.52,21.34,21.38,3789793
2017-05-30 18:10:00,21.42,21.5,21.26,21.34,4078648
2017-05-31 18:10:00,21.46,21.94,21.3,21.94,23500013
2017-06-01 18:10:00,22.0,22.36,21.66,22.12,18354393
2017-06-02 18:10:00,22.2,22.28,22.0,22.0,6827023
2017-06-05 18:10:00,22.04,22.18,21.86,21.92,6205593
2017-06-06 18:10:00,21.96,22.08,21.88,22.04,5177294
2017-06-07 18:10:00,22.1,22.14,21.84,21.84,5420985
2017-06-08 18:10:00,21.88,21.96,21.84,21.86,2496266
2017-06-09 18:10:00,21.9,22.32,21.88,22.06,8951123
2017-06-12 18:10:00,22.1,22.24,22.02,22.1,4333476
2017-06-13 18:10:00,22.16,22.2,21.96,22.02,3223086
2017-06-14 18:10:00,22.06,22.16,22.0,22.0,2279009
2017-06-15 18:10:00,22.0,22.12,21.84,22.06,3561314
2017-06-16 18:10:00,22.06,22.16,21.84,21.84,3731113
2017-06-19 18:10:00,21.9,21.94,21.8,21.8,2263331
2017-06-20 18:10:00,21.84,21.94,21.68,21.7,2193289
2017-06-21 18:10:00,21.72,22.08,21.54,21.98,4904781
2017-06-22 18:10:00,22.08,22.1,21.92,22.08,3035203
2017-06-23 18:10:00,22.12,22.16,22.02,22.02,2955471
2017-06-28 18:10:00,22.06,22.12,21.94,22.0,2888809
2017-06-29 18:10:00,22.04,22.24,21.92,21.94,3887307
2017-06-30 18:10:00,21.94,22.0,21.86,21.86,2313366
2017-07-03 18:10:00,21.9,22.08,21.8,21.8,4815913
2017-07-04 18:10:00,21.82,21.92,21.7,21.7,2973806
2017-07-05 18:10:00,21.76,21.8,21.48,21.48,2912576
2017-07-06 18:10:00,21.52,21.86,21.52,21.62,3668549
2017-07-07 18:10:00,21.68,21.74,21.5,21.52,2111488
2017-07-10 18:10:00,21.6,21.68,21.54,21.56,2002742
2017-07-11 18:10:00,21.58,21.9,21.48,21.74,4252570
2017-07-12 18:10:00,21.82,21.96,21.62,21.64,3256587
2017-07-13 18:10:00,21.7,21.9,21.56,21.66,4309544
2017-07-14 18:10:00,21.72,21.78,21.6,21.68,2549020
2017-07-17 18:10:00,21.74,22.02,21.7,22.02,5411737
2017-07-18 18:10:00,22.1,23.48,22.1,23.46,25088550
2017-07-19 18:10:00,23.56,24.36,23.56,23.98,20917310
2017-07-20 18:10:00,24.06,24.1,23.08,23.14,14881785
2017-07-21 18:10:00,23.14,23.52,22.7,23.4,13580534
2017-07-24 18:10:00,23.58,24.1,23.56,23.86,10693420
2017-07-25 18:10:00,24.02,24.2,23.86,23.9,10120412
2017-07-26 18:10:00,23.94,24.2,23.9,24.04,5670638
2017-07-27 18:10:00,24.24,24.48,24.14,24.3,8565819
2017-07-28 18:10:00,24.34,24.62,24.3,24.32,5971349
2017-07-31 18:10:00,24.42,24.44,24.06,24.06,4857718
2017-08-01 18:10:00,24.2,24.38,23.94,23.98,4985248
2017-08-02 18:10:00,24.08,24.28,23.94,24.1,4912170
2017-08-03 18:10:00,24.2,24.28,24.06,24.1,3067326
2017-08-04 18:10:00,24.14,24.48,24.08,24.48,7374165
2017-08-07 18:10:00,24.72,25.98,24.7,25.8,13961003
2017-08-08 18:10:00,25.94,26.34,25.54,25.92,11826558
2017-08-09 18:10:00,25.9,26.18,25.68,26.18,6242359
2017-08-10 18:10:00,26.34,26.96,26.34,26.66,8245807
2017-08-11 18:10:00,26.7,26.76,26.0,26.38,7912033
2017-08-14 18:10:00,26.6,27.26,26.6,27.18,7898724
2017-08-15 18:10:00,27.34,27.44,26.76,26.94,7690074
2017-08-16 18:10:00,26.98,27.06,25.94,26.64,8080243
2017-08-17 18:10:00,26.84,26.92,26.22,26.36,5673697
2017-08-18 18:10:00,26.28,26.64,26.04,26.5,3596069
2017-08-21 18:10:00,26.6,26.76,26.4,26.54,4403974
2017-08-22 18:10:00,26.62,26.68,26.18,26.2,5700509
2017-08-23 18:10:00,26.28,26.86,26.08,26.76,6985453
2017-08-24 18:10:00,26.88,27.24,26.66,26.76,8732015
2017-08-25 18:10:00,26.76,26.86,26.56,26.6,2882095
2017-08-28 18:10:00,26.7,26.7,26.5,26.5,2007862
2017-08-29 18:10:00,26.5,26.92,26.46,26.7,2470592
2017-08-31 12:35:00,26.72,27.0,26.72,27.0,1909257
2017-09-05 18:10:00,27.0,27.26,26.7,26.7,4551933
2017-09-06 18:10:00,26.74,26.96,26.6,26.9,2819152
2017-09-07 18:10:00,26.96,27.1,26.76,26.84,3464053
2017-09-08 18:10:00,26.92,26.94,26.64,26.76,2873162
2017-09-11 18:10:00,26.86,27.16,26.78,27.08,5123399
2017-09-12 18:10:00,27.18,27.36,27.08,27.1,5873331
2017-09-13 18:10:00,27.18,27.96,27.12,27.48,14228986
2017-09-14 18:10:00,27.6,27.8,27.24,27.42,5832349
2017-09-15 18:10:00,27.52,27.6,27.34,27.34,4207658
2017-09-18 18:10:00,27.44,27.5,26.76,26.9,4115837
2017-09-19 18:10:00,26.86,26.96,26.1,26.4,5094117
2017-09-20 18:10:00,26.44,26.78,26.2,26.78,3462120
2017-09-21 18:10:00,26.66,26.8,26.3,26.36,2950361
2017-09-22 18:10:00,26.5,26.6,26.16,26.2,3061600
2017-09-25 18:10:00,26.06,26.06,23.6,24.44,12606621
2017-09-26 18:10:00,24.48,25.16,24.48,25.04,7242695
2017-09-27 18:10:00,25.12,25.26,24.8,25.12,5700240
2017-09-28 18:10:00,25.14,26.48,25.04,26.34,8085867
2017-09-29 18:10:00,26.4,26.82,26.16,26.3,6489230
2017-10-02 18:10:00,26.38,26.94,26.24,26.7,5239272
2017-10-03 18:10:00,26.78,26.88,26.34,26.58,5055369
2017-10-04 18:10:00,26.76,26.82,26.6,26.66,3742967
2017-10-05 18:10:00,26.72,26.76,26.38,26.38,3714008
2017-10-06 18:10:00,26.34,26.68,25.92,26.52,6375597
2017-10-09 18:10:00,24.8,26.28,24.46,25.88,6891484
2017-10-10 18:10:00,26.3,26.7,26.3,26.52,4603294
2017-10-11 18:10:00,26.54,26.68,26.34,26.44,3886537
2017-10-12 18:10:00,26.66,27.16,26.66,27.02,7301520
2017-10-13 18:10:00,27.1,27.6,27.1,27.56,7952697
2017-10-16 18:10:00,27.72,28.68,27.72,28.3,10610885
2017-10-17 18:10:00,28.42,28.86,28.36,28.7,6621837
2017-10-18 18:10:00,28.86,29.02,28.66,28.7,5789361
2017-10-19 18:10:00,28.86,28.98,28.76,28.92,3330455
2017-10-20 18:10:00,29.02,29.86,29.02,29.76,9107740
2017-10-23 18:10:00,29.86,30.94,29.86,30.94,11634772
2017-10-24 18:10:00,31.0,32.76,30.96,31.5,30607598
2017-10-25 18:10:00,31.88,32.24,31.24,31.54,10437205
2017-10-26 18:10:00,31.66,32.38,31.32,32.22,12827469
2017-10-27 18:10:00,32.3,32.48,32.06,32.16,8305507
2017-10-30 18:10:00,32.52,32.8,32.38,32.62,8705384
2017-10-31 18:10:00,32.88,34.08,32.68,33.94,14560974
2017-11-01 18:10:00,33.94,33.96,33.2,33.28,15438840
2017-11-02 18:10:00,33.44,34.12,33.44,33.96,12597473
2017-11-03 18:10:00,34.0,35.48,33.98,35.38,27758946
2017-11-06 18:10:00,35.8,41.38,35.8,38.5,51653250
2017-11-07 18:10:00,39.3,40.3,38.24,38.86,28237531
2017-11-08 18:10:00,39.22,39.8,38.1,39.4,21139555
2017-11-09 18:10:00,39.76,40.18,39.22,39.3,18262309
2017-11-10 18:10:00,39.36,39.98,38.46,39.76,18355069
2017-11-13 18:10:00,40.04,42.1,40.04,42.1,27336951
2017-11-14 18:10:00,42.3,45.62,42.3,45.26,46821458
2017-11-15 18:10:00,45.6,47.26,36.32,40.12,55768236
2017-11-16 18:10:00,37.9,39.9,32.22,32.36,36477601
2017-11-17 18:10:00,30.4,33.78,28.94,33.62,41032668
2017-11-20 18:10:00,34.12,35.4,32.26,33.26,22755441
2017-11-21 18:10:00,32.9,33.84,32.2,33.28,14352505
2017-11-22 18:10:00,33.38,33.48,32.42,32.78,7578196
2017-11-23 18:10:00,33.1,33.2,32.0,32.16,5460842
2017-11-24 18:10:00,31.9,33.1,30.54,32.24,13272718
2017-11-27 18:10:00,32.38,32.9,31.9,32.24,4803956
2017-11-28 18:10:00,32.24,32.62,30.0,30.04,9196364
2017-11-29 18:10:00,29.98,30.48,28.9,30.0,11186657
2017-11-30 18:10:00,30.14,33.3,30.14,33.3,16371177
2017-12-01 18:10:00,34.04,34.78,32.34,33.0,24209884
2017-12-04 18:10:00,33.2,33.36,32.5,32.66,11858351
2017-12-05 18:10:00,32.92,33.0,31.56,32.24,12915356
2017-12-06 18:10:00,32.2,32.32,31.6,31.64,6937601
2017-12-07 18:10:00,31.64,32.14,31.5,31.8,7001705
2017-12-08 18:10:00,31.92,33.62,31.88,33.52,19003462
2017-12-11 18:10:00,34.02,34.08,33.1,33.42,20636356
2017-12-12 18:10:00,33.3,33.58,32.7,32.76,12089184
2017-12-13 18:10:00,32.8,33.14,32.2,32.2,10204611
2017-12-14 18:10:00,32.46,32.9,32.4,32.62,8937152
2017-12-15 18:10:00,32.72,33.68,32.64,33.02,15844980
2017-12-18 18:10:00,33.16,33.34,32.72,32.74,9319903
2017-12-19 18:10:00,32.78,32.9,32.36,32.42,7621793
2017-12-20 18:10:00,32.46,32.78,32.24,32.44,7093410
2017-12-21 18:10:00,32.56,32.76,32.14,32.24,7422276
2017-12-22 18:10:00,32.38,32.48,32.14,32.14,5026708
2017-12-25 18:10:00,32.44,32.76,32.28,32.42,6293810
2017-12-26 18:10:00,32.56,32.66,32.36,32.42,4784923
2017-12-27 18:10:00,29.48,31.26,29.28,30.58,29520225
2017-12-28 18:10:00,30.66,30.86,30.5,30.54,6641175
2017-12-29 18:10:00,30.62,31.92,30.5,31.8,18212276
2018-01-02 18:10:00,32.86,33.34,32.7,32.94,14094539
2018-01-03 18:10:00,32.96,33.0,32.0,32.0,7912133
2018-01-04 18:10:00,32.0,32.84,32.0,32.22,10821939
2018-01-05 18:10:00,32.36,32.64,32.28,32.32,7336779
2018-01-08 18:10:00,32.74,32.84,32.46,32.48,4458412
2018-01-09 18:10:00,32.48,32.56,32.0,32.0,4332645
2018-01-10 18:10:00,32.0,32.22,31.64,31.72,4772653
2018-01-11 18:10:00,31.82,32.16,31.72,32.12,4530026
2018-01-12 18:10:00,32.2,32.44,31.86,31.88,6987295
2018-01-15 18:10:00,31.88,32.1,30.96,31.02,4192319
2018-01-16 18:10:00,31.24,32.34,31.12,32.26,11782234
2018-01-17 18:10:00,32.3,32.36,31.76,31.9,6036468
2018-01-18 18:10:00,32.0,32.2,31.92,32.04,5752529
2018-01-19 18:10:00,32.1,32.24,31.72,31.72,6487200
2018-01-22 18:10:00,31.8,32.2,31.78,31.94,5011098
2018-01-23 18:10:00,32.06,32.12,31.84,31.88,4951943
2018-01-24 18:10:00,31.9,34.76,31.8,34.2,49011878
2018-01-25 18:10:00,34.7,34.96,32.76,32.88,26304979
2018-01-26 18:10:00,33.08,33.18,32.22,32.56,13288253
2018-01-29 18:10:00,32.68,32.88,32.5,32.58,4884064
2018-01-30 18:10:00,32.5,33.82,32.48,33.06,14628191
2018-01-31 18:10:00,33.3,33.74,33.16,33.24,9815377
2018-02-01 18:10:00,33.6,33.86,33.24,33.4,10428426
2018-02-02 18:10:00,33.48,33.6,32.64,32.86,5343273
2018-02-05 18:10:00,32.86,32.9,32.28,32.3,5141700
2018-02-06 18:10:00,31.7,32.02,31.26,31.7,9419944
2018-02-07 18:10:00,31.9,32.32,31.9,31.92,5753626
2018-02-08 18:10:00,31.94,31.98,31.0,31.0,6722764
2018-02-09 18:10:00,30.7,31.18,30.02,31.0,5146471
2018-02-12 18:10:00,31.34,31.48,31.0,31.0,3185422
2018-02-13 18:10:00,31.2,31.34,30.5,30.5,6500569
2018-02-14 18:10:00,30.8,32.54,30.56,32.52,29477190
2018-02-15 18:10:00,32.7,32.92,31.92,31.94,13915902
2018-02-16 18:10:00,32.1,32.62,32.02,32.16,10512991
2018-02-19 18:10:00,32.36,33.4,32.22,32.32,20888553
2018-02-20 18:10:00,32.54,32.88,31.2,31.32,7355924
2018-02-21 18:10:00,32.24,32.48,31.46,32.46,14951363
2018-02-22 18:10:00,32.24,32.4,31.94,32.16,7685214
2018-02-23 18:10:00,32.3,32.36,32.06,32.16,3142518
2018-02-26 18:10:00,32.26,32.64,32.18,32.28,6856647
2018-02-27 18:10:00,31.5,31.92,31.18,31.52,7865988
2018-02-28 18:10:00,31.52,31.52,31.16,31.16,3661586
2018-03-01 18:10:00,31.16,31.36,30.54,30.62,5143611
2018-03-02 18:10:00,30.62,30.84,30.24,30.3,4297383
2018-03-05 18:10:00,30.44,31.04,30.26,30.62,5367986
2018-03-06 18:10:00,30.86,30.94,30.24,30.4,2528509
2018-03-07 18:10:00,30.42,30.54,30.24,30.34,2148993
2018-03-08 18:10:00,30.38,30.44,30.2,30.2,1549273
2018-03-09 18:10:00,30.4,30.56,30.22,30.4,2228444
2018-03-12 18:10:00,30.54,31.18,30.5,30.88,5260157
2018-03-13 18:10:00,31.0,31.56,30.82,31.42,7110847
2018-03-14 18:10:00,31.56,31.76,30.94,30.94,5382985
2018-03-15 18:10:00,31.16,31.4,30.78,30.78,2532610
2018-03-16 18:10:00,30.94,31.0,30.7,30.76,2281619
2018-03-19 18:10:00,30.78,31.02,30.42,30.54,2506342
2018-03-20 18:10:00,30.68,30.92,30.42,30.7,2598670
2018-03-21 18:10:00,30.74,30.9,30.64,30.78,2371712
2018-03-22 18:10:00,30.98,31.0,30.56,30.56,3091477
2018-03-23 18:10:00,30.3,31.46,30.3,30.84,5957358
2018-03-26 18:10:00,31.24,31.38,30.8,30.8,3057876
2018-03-27 18:10:00,31.06,31.12,30.56,30.56,2405383
2018-03-28 18:10:00,30.62,30.88,30.38,30.48,2605305
2018-03-29 18:10:00,30.78,30.78,30.52,30.7,1791962
2018-03-30 18:10:00,30.8,31.3,30.72,30.92,4755591
2018-04-02 18:10:00,31.14,31.88,30.62,30.68,15425992
2018-04-03 18:10:00,30.62,30.86,30.02,30.22,6773690
2018-04-04 18:10:00,30.32,30.42,28.84,28.98,11783228
2018-04-05 18:10:00,29.12,29.14,28.0,28.52,5540249
2018-04-06 18:10:00,28.52,29.0,28.38,28.56,4424635
2018-04-09 18:10:00,28.78,28.84,27.62,27.7,5199929
2018-04-10 18:10:00,27.74,27.96,26.24,27.22,7706254
2018-04-11 18:10:00,27.2,27.48,25.94,26.68,6238411
2018-04-12 18:10:00,26.66,26.92,26.22,26.7,3910787
2018-04-13 18:10:00,26.82,26.86,26.44,26.56,2234473
2018-04-16 18:10:00,26.58,27.44,26.54,27.08,5728594
2018-04-17 18:10:00,27.34,27.4,26.3,26.42,6175628
2018-04-18 18:10:00,26.4,27.12,26.0,27.1,5077804
2018-04-19 18:10:00,27.1,27.2,26.68,26.82,3078258
2018-04-20 18:10:00,26.8,26.8,26.54,26.66,1604593
2018-04-24 18:10:00,26.66,26.74,26.08,26.12,1900446
2018-04-25 18:10:00,26.12,26.38,25.24,25.38,4600113
2018-04-26 18:10:00,25.4,25.66,24.82,25.04,5090941
2018-04-27 18:10:00,25.1,27.9,25.04,26.8,16716483
2018-04-30 18:10:00,26.82,26.9,25.1,25.2,6115665
2018-05-03 18:10:00,25.48,25.52,24.76,24.78,3873835
2018-05-04 18:10:00,24.78,24.9,24.24,24.56,4260522
2018-05-07 18:10:00,24.68,24.82,24.28,24.28,2704880
2018-05-08 18:10:00,24.38,24.46,23.08,23.14,4738825
2018-05-09 18:10:00,22.98,23.78,22.08,23.38,7510370
2018-05-10 18:10:00,23.52,23.92,22.82,23.42,6189738
2018-05-11 18:10:00,23.42,23.72,23.06,23.18,3662643
2018-05-14 18:10:00,23.14,24.0,22.96,23.58,6397754
2018-05-15 18:10:00,23.32,24.58,23.22,23.44,6939857
2018-05-16 18:10:00,23.44,24.0,23.42,23.7,5537008
2018-05-17 18:10:00,23.7,25.3,23.7,24.36,13531552
2018-05-18 18:10:00,24.5,25.16,23.9,24.0,9701808
2018-05-21 18:10:00,24.2,24.36,23.52,23.82,5151369
2018-05-22 18:10:00,23.84,24.04,23.46,23.6,3418199
2018-05-24 18:10:00,23.6,23.6,23.6,23.6,11800
2018-05-25 18:10:00,23.6,27.4,23.6,26.6,222650
2018-06-07 18:10:00,20.92,21.6,20.7,21.6,68818038
2018-06-08 18:10:00,21.64,21.84,20.98,21.34,45091983
