2015-06-09 18:10:00,8.45,8.56,8.38,8.4,21322993
2015-06-10 18:10:00,8.43,8.68,8.43,8.61,23671855
2015-06-11 18:10:00,8.67,8.78,8.65,8.75,26093977
2015-06-12 18:10:00,8.75,8.8,8.66,8.67,19145617
2015-06-15 18:10:00,8.68,8.78,8.57,8.58,12764754
2015-06-16 18:10:00,8.62,8.78,8.62,8.72,19406332
2015-06-17 18:10:00,8.77,8.87,8.76,8.85,14574081
2015-06-18 18:10:00,8.94,8.98,8.9,8.95,13503061
2015-06-19 18:10:00,8.95,9.05,8.91,9.04,18354055
2015-06-22 18:10:00,9.08,9.16,9.03,9.09,14333604
2015-06-23 18:10:00,9.11,9.12,8.94,8.95,11233378
2015-06-24 18:10:00,8.97,9.13,8.95,9.11,14800543
2015-06-25 18:10:00,9.14,9.22,9.07,9.16,24344983
2015-06-26 18:10:00,9.1,9.16,9.08,9.09,13228348
2015-06-29 18:10:00,8.96,9.01,8.83,8.84,18036363
2015-06-30 18:10:00,8.87,8.94,8.73,8.8,16559393
2015-07-01 18:10:00,8.84,9.03,8.82,8.89,16687926
2015-07-02 18:10:00,8.87,9.02,8.85,8.99,16705230
2015-07-03 18:10:00,9.0,9.02,8.81,8.81,11232172
2015-07-06 18:10:00,8.82,9.15,8.82,9.15,25123279
2015-07-07 18:10:00,9.19,9.25,9.12,9.18,23446952
2015-07-08 18:10:00,9.19,9.21,9.01,9.02,18869830
2015-07-09 18:10:00,9.08,9.29,9.08,9.29,15858268
2015-07-10 18:10:00,9.41,9.45,9.28,9.29,14660204
2015-07-13 18:10:00,9.3,9.42,9.3,9.38,20378790
2015-07-14 18:10:00,9.45,9.51,9.24,9.29,19358614
2015-07-15 18:10:00,9.32,9.37,9.17,9.24,16462798
2015-07-16 18:10:00,9.25,9.25,9.12,9.18,4857060
2015-07-20 18:10:00,9.19,9.23,8.97,9.06,14072269
2015-07-21 18:10:00,9.1,9.22,9.09,9.21,13209328
2015-07-22 18:10:00,9.23,9.29,9.08,9.26,20923503
2015-07-23 18:10:00,9.24,9.25,8.8,8.82,22856896
2015-07-24 18:10:00,8.76,8.93,8.75,8.85,19031751
2015-07-27 18:10:00,8.88,8.89,8.61,8.63,17009028
2015-07-28 18:10:00,8.68,8.97,8.68,8.94,23750495
2015-07-29 18:10:00,8.91,9.01,8.84,8.86,17017049
2015-07-30 18:10:00,8.78,8.95,8.78,8.83,14878090
2015-07-31 18:10:00,8.86,9.03,8.83,9.03,23213652
2015-08-03 18:10:00,9.03,9.1,8.84,8.88,15200165
2015-08-04 18:10:00,8.95,9.03,8.89,9.0,14138534
2015-08-05 18:10:00,8.97,9.04,8.87,8.9,18046345
2015-08-06 18:10:00,8.95,9.1,8.94,9.1,21824775
2015-08-07 18:10:00,9.1,9.15,8.97,9.09,20547083
2015-08-10 18:10:00,9.08,9.14,8.8,8.83,16548366
2015-08-11 18:10:00,9.0,9.17,8.99,9.15,26427122
2015-08-12 18:10:00,9.0,9.18,8.97,9.04,16578707
2015-08-13 18:10:00,9.04,9.05,8.67,8.91,26677714
2015-08-14 18:10:00,8.83,9.11,8.82,9.08,21698857
2015-08-17 18:10:00,9.25,9.26,9.03,9.06,32720241
2015-08-18 18:10:00,9.01,9.1,8.73,8.75,22030224
2015-08-19 18:10:00,8.8,8.84,8.37,8.38,43303446
2015-08-20 18:10:00,8.34,8.52,8.19,8.45,43932945
2015-08-21 18:10:00,8.4,8.43,8.2,8.21,40325719
2015-08-24 18:10:00,8.05,8.06,7.55,7.67,41233125
2015-08-25 18:10:00,7.86,8.11,7.82,8.06,39126548
2015-08-26 18:10:00,8.04,8.19,7.97,8.11,32089048
2015-08-27 18:10:00,8.22,8.28,8.1,8.11,28468470
2015-08-28 18:10:00,8.13,8.14,7.93,7.96,27071672
2015-08-31 18:10:00,7.96,8.05,7.93,8.05,23729071
2015-09-01 18:10:00,7.97,7.98,7.74,7.77,32343667
2015-09-02 18:10:00,7.81,7.88,7.76,7.77,26148001
2015-09-03 18:10:00,7.83,7.84,7.6,7.72,33502200
2015-09-04 18:10:00,7.62,7.84,7.61,7.76,36379636
2015-09-07 18:10:00,7.7,7.85,7.63,7.85,22903649
2015-09-08 18:10:00,7.92,8.06,7.81,8.05,34586096
2015-09-09 18:10:00,8.13,8.17,7.95,7.95,29277061
2015-09-10 18:10:00,7.9,7.99,7.87,7.93,25721524
2015-09-11 18:10:00,7.94,7.96,7.76,7.76,27937645
2015-09-14 18:10:00,7.8,7.96,7.75,7.94,23261809
2015-09-15 18:10:00,7.94,8.08,7.85,8.05,27143361
2015-09-16 18:10:00,8.07,8.13,8.02,8.1,27121620
2015-09-17 18:10:00,8.11,8.18,8.09,8.17,21783090
2015-09-18 18:10:00,8.15,8.26,8.04,8.22,23817986
2015-09-21 18:10:00,8.16,8.27,8.14,8.27,35910655
2015-09-22 18:10:00,8.3,8.32,8.17,8.21,20199124
2015-09-23 18:10:00,8.21,8.21,8.11,8.11,6867322
2015-09-28 18:10:00,8.11,8.17,7.93,7.93,17040805
2015-09-29 18:10:00,7.9,8.04,7.88,8.01,30078432
2015-09-30 18:10:00,8.07,8.09,7.97,7.97,24061170
2015-10-01 18:10:00,8.02,8.06,7.98,8.0,25210225
2015-10-02 18:10:00,8.01,8.08,7.99,8.08,36992695
2015-10-05 18:10:00,8.15,8.35,8.14,8.31,32231323
2015-10-06 18:10:00,8.32,8.51,8.27,8.43,36485998
2015-10-07 18:10:00,8.5,8.57,8.45,8.48,36639016
2015-10-08 18:10:00,8.45,8.61,8.43,8.54,26755351
2015-10-09 18:10:00,8.6,8.63,8.5,8.5,33400583
2015-10-12 18:10:00,8.43,8.62,8.4,8.57,38006383
2015-10-13 18:10:00,8.59,8.63,8.4,8.42,25172117
2015-10-14 18:10:00,8.43,8.6,8.43,8.59,24960579
2015-10-15 18:10:00,8.65,8.75,8.53,8.53,41096750
2015-10-16 18:10:00,8.57,8.58,8.38,8.4,26044293
2015-10-19 18:10:00,8.48,8.57,8.42,8.48,29291426
2015-10-20 18:10:00,8.5,8.68,8.46,8.67,39844555
2015-10-21 18:10:00,8.65,8.66,8.48,8.52,35390587
2015-10-22 18:10:00,8.53,8.58,8.5,8.53,25612186
2015-10-23 18:10:00,8.58,8.63,8.5,8.51,31179550
2015-10-26 18:10:00,8.51,8.55,8.4,8.41,19117344
2015-10-27 18:10:00,8.42,8.43,8.27,8.3,17878923
2015-10-28 18:10:00,8.32,8.32,8.26,8.3,6172564
2015-10-30 18:10:00,8.27,8.61,8.24,8.61,29641898
2015-11-02 18:10:00,9.1,9.33,9.1,9.2,62910454
2015-11-03 18:10:00,9.22,9.23,9.04,9.07,30490739
2015-11-04 18:10:00,9.11,9.24,9.11,9.2,42797784
2015-11-05 18:10:00,9.17,9.28,9.14,9.27,42043938
2015-11-06 18:10:00,9.28,9.28,9.08,9.2,27256622
2015-11-09 19:10:00,9.28,9.29,9.16,9.16,28772807
2015-11-10 19:10:00,9.2,9.25,9.09,9.09,31658499
2015-11-11 19:10:00,9.13,9.21,9.12,9.17,28139257
2015-11-12 19:10:00,9.23,9.29,9.15,9.28,31226255
2015-11-13 19:10:00,9.28,9.32,9.2,9.22,31812070
2015-11-16 19:10:00,9.16,9.18,8.98,8.98,37646753
2015-11-17 19:10:00,9.02,9.06,8.92,8.93,33088532
2015-11-18 19:10:00,8.93,8.97,8.7,8.71,54151250
2015-11-19 19:10:00,8.76,8.82,8.72,8.76,39923351
2015-11-20 19:10:00,8.77,8.86,8.75,8.76,34935579
2015-11-23 19:10:00,8.76,8.77,8.52,8.53,40284411
2015-11-24 19:10:00,8.57,8.59,7.92,7.92,104369149
2015-11-25 19:10:00,7.99,8.04,7.82,7.95,93078953
2015-11-26 19:10:00,7.93,8.0,7.71,7.73,52859058
2015-11-27 19:10:00,7.82,7.91,7.72,7.83,59086211
2015-11-30 19:10:00,7.88,7.91,7.65,7.66,45683655
2015-12-01 19:10:00,7.69,7.96,7.69,7.93,68412559
2015-12-02 19:10:00,7.98,8.07,7.88,7.9,88146891
2015-12-03 19:10:00,7.94,7.99,7.69,7.7,77175671
2015-12-04 19:10:00,7.73,7.75,7.44,7.6,87939038
2015-12-07 19:10:00,7.59,7.7,7.44,7.63,78305773
2015-12-08 19:10:00,7.64,7.72,7.46,7.47,64938755
2015-12-09 19:10:00,7.5,7.66,7.45,7.64,87090097
2015-12-10 19:10:00,7.6,7.67,7.21,7.25,135545297
2015-12-11 19:10:00,7.23,7.31,6.88,6.88,137735346
2015-12-14 19:10:00,6.96,7.06,6.76,6.8,106591589
2015-12-15 19:10:00,6.88,7.29,6.84,7.23,135113978
2015-12-16 19:10:00,7.25,7.35,7.13,7.27,120373111
2015-12-17 19:10:00,7.37,7.4,7.28,7.33,83226030
2015-12-18 19:10:00,7.34,7.34,7.19,7.23,64139737
2015-12-21 19:10:00,7.27,7.53,7.23,7.49,87175242
2015-12-22 19:10:00,7.47,7.52,7.32,7.44,72232453
2015-12-23 19:10:00,7.47,7.56,7.46,7.48,58223280
2015-12-24 19:10:00,7.5,7.51,7.42,7.42,24649765
2015-12-25 19:10:00,7.43,7.43,7.38,7.4,12722588
2015-12-28 19:10:00,7.43,7.64,7.42,7.53,55606008
2015-12-29 19:10:00,7.55,7.6,7.47,7.49,42852803
2015-12-30 19:10:00,7.5,7.53,7.35,7.38,29659073
2015-12-31 19:10:00,7.4,7.51,7.3,7.39,30751371
2016-01-04 19:10:00,7.23,7.25,7.12,7.14,47462373
2016-01-05 19:10:00,7.21,7.26,7.08,7.24,66802626
2016-01-06 19:10:00,7.19,7.26,7.07,7.21,82981848
2016-01-07 19:10:00,7.17,7.33,7.12,7.32,62017458
2016-01-08 19:10:00,7.35,7.37,7.21,7.22,48601939
2016-01-11 19:10:00,7.19,7.33,7.13,7.29,60634012
2016-01-12 19:10:00,7.29,7.38,7.22,7.27,79619642
2016-01-13 19:10:00,7.32,7.4,7.3,7.34,71441487
2016-01-14 19:10:00,7.33,7.37,7.16,7.2,84577019
2016-01-15 19:10:00,7.21,7.27,7.07,7.1,81851883
2016-01-18 19:10:00,7.15,7.21,7.07,7.16,52787346
2016-01-19 19:10:00,7.23,7.29,7.2,7.23,49274372
2016-01-20 19:10:00,7.18,7.24,7.03,7.05,46175126
2016-01-21 19:10:00,7.08,7.11,6.94,7.06,50567591
2016-01-22 19:10:00,7.13,7.15,7.04,7.12,48533229
2016-01-25 19:10:00,7.15,7.18,7.09,7.12,33946714
2016-01-26 19:10:00,7.09,7.32,7.04,7.29,81414825
2016-01-27 19:10:00,7.28,7.38,7.24,7.28,74979181
2016-01-28 19:10:00,7.32,7.39,7.21,7.23,67046449
2016-01-29 19:10:00,7.31,7.37,7.26,7.31,74182100
2016-02-01 19:10:00,7.32,7.33,7.25,7.29,41175875
2016-02-02 19:10:00,7.32,7.38,7.22,7.22,58803855
2016-02-03 19:10:00,7.2,7.3,7.16,7.22,71815483
2016-02-04 19:10:00,7.31,7.33,7.25,7.29,87707634
2016-02-05 19:10:00,7.29,7.31,7.23,7.23,60286911
2016-02-08 19:10:00,7.24,7.26,6.88,6.89,101084576
2016-02-09 19:10:00,6.83,6.92,6.73,6.83,88392975
2016-02-10 19:10:00,6.88,6.96,6.82,6.88,76512819
2016-02-11 19:10:00,6.82,6.86,6.69,6.79,78514967
2016-02-12 19:10:00,6.82,6.85,6.66,6.66,73149963
2016-02-15 19:10:00,6.69,6.7,6.47,6.56,82843187
2016-02-16 19:10:00,6.57,6.68,6.57,6.62,74479112
2016-02-17 19:10:00,6.6,6.85,6.59,6.83,85775613
2016-02-18 19:10:00,6.82,6.95,6.76,6.93,79643061
2016-02-19 19:10:00,6.92,6.92,6.82,6.85,40518658
2016-02-22 19:10:00,6.92,7.11,6.91,7.09,65788756
2016-02-23 19:10:00,7.09,7.21,7.08,7.16,67271218
2016-02-24 19:10:00,7.17,7.21,6.93,6.94,63996497
2016-02-25 19:10:00,6.99,7.14,6.98,7.1,70596250
2016-02-26 19:10:00,7.16,7.22,7.09,7.13,62600233
2016-02-29 19:10:00,7.1,7.33,7.1,7.32,61365525
2016-03-01 19:10:00,7.45,7.54,7.41,7.45,74448477
2016-03-02 19:10:00,7.52,7.54,7.45,7.47,60101787
2016-03-03 19:10:00,7.5,7.54,7.39,7.42,64117035
2016-03-04 19:10:00,7.44,7.65,7.37,7.63,98397744
2016-03-07 19:10:00,7.66,7.7,7.55,7.61,79132937
2016-03-08 19:10:00,7.57,7.63,7.54,7.57,53872367
2016-03-09 19:10:00,7.58,7.69,7.57,7.69,69798902
2016-03-10 19:10:00,7.68,7.73,7.6,7.6,94761199
2016-03-11 19:10:00,7.67,7.8,7.63,7.79,70063857
2016-03-14 19:10:00,7.85,7.97,7.8,7.91,78118143
2016-03-15 19:10:00,7.91,7.91,7.65,7.66,79496012
2016-03-16 19:10:00,7.68,7.77,7.61,7.75,67212627
2016-03-17 19:10:00,7.87,7.88,7.8,7.84,72165527
2016-03-18 19:10:00,7.85,7.93,7.83,7.91,63378039
2016-03-21 19:10:00,7.89,8.0,7.83,7.96,89695487
2016-03-22 19:10:00,7.92,7.92,7.55,7.58,133070742
2016-03-23 19:10:00,7.59,7.62,7.48,7.51,71800588
2016-03-24 19:10:00,7.5,7.64,7.5,7.61,66964652
2016-03-25 19:10:00,7.62,7.7,7.62,7.63,33170475
2016-03-28 18:10:00,7.65,7.66,7.6,7.62,28767980
2016-03-29 18:10:00,7.65,7.72,7.63,7.63,51352872
2016-03-30 18:10:00,7.7,7.81,7.7,7.77,60261188
2016-03-31 18:10:00,7.78,7.85,7.77,7.79,53033466
2016-04-01 18:10:00,7.78,7.8,7.71,7.72,48934344
2016-04-04 18:10:00,7.76,7.86,7.73,7.84,54212779
2016-04-05 18:10:00,7.83,7.92,7.76,7.81,82232323
2016-04-06 18:10:00,7.83,7.88,7.6,7.62,74055830
2016-04-07 18:10:00,7.67,7.71,7.52,7.52,67015840
2016-04-08 18:10:00,7.55,7.59,7.44,7.55,58471746
2016-04-11 18:10:00,7.56,7.75,7.53,7.72,74553299
2016-04-12 18:10:00,7.73,7.77,7.61,7.63,64991809
2016-04-13 18:10:00,7.68,7.75,7.65,7.74,79556883
2016-04-14 18:10:00,7.76,7.81,7.67,7.71,82674219
2016-04-15 18:10:00,7.73,7.73,7.54,7.57,66980842
2016-04-18 18:10:00,7.53,7.65,7.52,7.56,64545478
2016-04-19 18:10:00,7.6,7.6,7.5,7.5,70588709
2016-04-20 18:10:00,7.47,7.48,6.93,6.99,144548324
2016-04-21 18:10:00,7.02,7.11,6.86,6.91,91463860
2016-04-22 18:10:00,6.94,7.08,6.9,7.04,92923654
2016-04-25 18:10:00,7.04,7.07,6.93,6.93,52622157
2016-04-26 18:10:00,6.95,7.02,6.86,6.97,77736738
2016-04-27 18:10:00,7.0,7.05,6.95,7.02,59385906
2016-04-28 18:10:00,7.03,7.08,6.98,6.99,59293114
2016-04-29 18:10:00,7.01,7.02,6.89,6.9,39898777
2016-05-02 18:10:00,6.9,6.93,6.83,6.84,43338893
2016-05-03 18:10:00,6.86,6.88,6.6,6.61,84927053
2016-05-04 18:10:00,6.61,6.79,6.5,6.7,124447340
2016-05-05 18:10:00,6.55,6.76,6.55,6.65,97301628
2016-05-06 18:10:00,6.67,6.69,6.49,6.65,65497165
2016-05-09 18:10:00,6.68,6.74,6.63,6.72,62978673
2016-05-10 18:10:00,6.57,6.72,6.53,6.65,98462639
2016-05-11 18:10:00,6.67,6.69,6.61,6.62,45920298
2016-05-12 18:10:00,6.62,6.64,6.39,6.41,86829748
2016-05-13 18:10:00,6.39,6.39,6.2,6.21,92204461
2016-05-16 18:10:00,6.24,6.31,6.1,6.13,67038823
2016-05-17 18:10:00,6.2,6.27,6.01,6.24,96915757
2016-05-18 18:10:00,6.18,6.21,6.06,6.11,89219020
2016-05-20 18:10:00,6.11,6.16,6.03,6.04,54092295
2016-05-23 18:10:00,6.05,6.17,5.99,6.15,57040618
2016-05-24 18:10:00,6.11,6.31,6.1,6.26,127908120
2016-05-25 18:10:00,6.28,6.31,6.22,6.23,71331329
2016-05-26 18:10:00,6.21,6.25,6.12,6.21,80347800
2016-05-27 18:10:00,6.22,6.25,6.15,6.17,39432174
2016-05-30 18:10:00,6.17,6.33,6.17,6.33,54409843
2016-05-31 18:10:00,6.35,6.37,6.22,6.22,57820637
2016-06-01 18:10:00,6.23,6.27,6.13,6.13,43901948
2016-06-02 18:10:00,6.14,6.2,6.1,6.12,37645817
2016-06-03 18:10:00,6.15,6.24,6.1,6.22,67663024
2016-06-06 18:10:00,6.25,6.28,6.22,6.22,54461207
2016-06-07 18:10:00,6.24,6.27,6.08,6.1,76520753
2016-06-08 18:10:00,6.13,6.14,6.06,6.09,59339052
2016-06-09 18:10:00,6.09,6.16,6.04,6.06,55718752
2016-06-10 18:10:00,6.06,6.07,5.9,5.9,58411600
2016-06-13 18:10:00,5.86,5.86,5.68,5.77,73355206
2016-06-14 18:10:00,5.77,5.96,5.72,5.85,98507424
2016-06-15 18:10:00,5.88,5.93,5.81,5.82,64381706
2016-06-16 18:10:00,5.78,5.8,5.72,5.74,32216911
2016-06-17 18:10:00,5.8,5.81,5.7,5.72,40704049
2016-06-20 18:10:00,5.79,5.81,5.74,5.77,46681603
2016-06-21 18:10:00,5.77,5.97,5.74,5.92,95013271
2016-06-22 18:10:00,5.95,5.97,5.81,5.81,50780752
2016-06-23 18:10:00,5.82,5.87,5.78,5.83,63112195
2016-06-24 18:10:00,5.5,5.69,5.48,5.67,59653183
2016-06-27 18:10:00,5.68,5.93,5.67,5.89,107050752
2016-06-28 18:10:00,5.97,6.08,5.94,5.97,99047224
2016-06-29 18:10:00,5.78,5.93,5.76,5.81,102225494
2016-06-30 18:10:00,5.83,5.85,5.72,5.72,54287278
2016-07-01 18:10:00,5.74,5.77,5.71,5.73,34199935
2016-07-04 18:10:00,5.74,5.75,5.71,5.73,8205260
2016-07-08 18:10:00,5.73,5.74,5.61,5.62,56028851
2016-07-11 18:10:00,5.68,5.82,5.63,5.81,68162476
2016-07-12 18:10:00,5.82,5.96,5.76,5.93,138830853
2016-07-13 18:10:00,5.94,6.07,5.93,6.0,126184429
2016-07-14 18:10:00,6.05,6.07,5.95,6.03,89447971
2016-07-15 18:10:00,5.97,6.02,5.93,5.96,64512757
2016-07-18 18:10:00,5.62,5.72,4.84,5.21,169792299
2016-07-19 18:10:00,5.22,5.31,5.11,5.12,162677462
2016-07-20 18:10:00,5.18,5.2,5.03,5.05,65328322
2016-07-21 18:10:00,4.99,4.99,4.81,4.87,77518259
2016-07-22 18:10:00,4.95,5.02,4.86,4.95,61629321
2016-07-25 18:10:00,4.99,5.17,4.99,5.15,48829045
2016-07-26 18:10:00,5.16,5.19,5.06,5.08,49363347
2016-07-27 18:10:00,5.1,5.18,5.08,5.15,40159105
2016-07-28 18:10:00,5.17,5.22,5.14,5.15,38565881
2016-07-29 18:10:00,5.17,5.2,5.1,5.17,39509189
2016-08-01 18:10:00,5.22,5.25,5.19,5.22,38270339
2016-08-02 18:10:00,5.21,5.29,5.19,5.2,47580483
2016-08-03 18:10:00,5.18,5.22,5.07,5.1,35715356
2016-08-04 18:10:00,5.11,5.15,5.08,5.15,33760867
2016-08-05 18:10:00,5.17,5.22,5.12,5.15,33080338
2016-08-08 18:10:00,5.22,5.47,5.2,5.46,100930719
2016-08-09 18:10:00,5.49,5.89,5.48,5.73,197735873
2016-08-10 18:10:00,5.78,5.84,5.58,5.61,83375611
2016-08-11 18:10:00,5.63,5.72,5.6,5.71,73444467
2016-08-12 18:10:00,5.73,5.74,5.61,5.62,64574622
2016-08-15 18:10:00,5.65,5.67,5.58,5.59,39345095
2016-08-16 18:10:00,5.53,5.53,5.3,5.32,83522230
2016-08-17 18:10:00,5.34,5.41,5.32,5.36,51857441
2016-08-18 18:10:00,5.4,5.42,5.28,5.32,43257207
2016-08-19 18:10:00,5.32,5.42,5.27,5.41,57937100
2016-08-22 18:10:00,5.32,5.38,5.25,5.28,63894280
2016-08-23 18:10:00,5.33,5.37,5.26,5.26,50433754
2016-08-24 18:10:00,5.17,5.17,5.04,5.14,47552770
2016-08-25 18:10:00,5.17,5.21,5.12,5.13,33742769
2016-08-26 18:10:00,5.13,5.17,5.08,5.15,23590972
2016-08-29 18:10:00,5.21,5.26,5.15,5.16,43997699
2016-08-31 18:10:00,5.18,5.19,5.13,5.16,33375586
2016-09-01 18:10:00,5.16,5.19,5.12,5.15,31990508
2016-09-02 18:10:00,5.16,5.2,5.14,5.18,33102146
2016-09-05 18:10:00,5.2,5.26,5.18,5.25,36830108
2016-09-06 18:10:00,5.26,5.27,5.18,5.18,37853850
2016-09-07 18:10:00,5.2,5.21,5.13,5.14,26162317
2016-09-08 18:10:00,5.15,5.21,5.13,5.17,39364400
2016-09-09 18:10:00,5.19,5.39,5.18,5.28,114643027
2016-09-16 18:10:00,5.33,5.34,5.11,5.13,44945759
2016-09-19 18:10:00,5.17,5.19,5.15,5.17,32781272
2016-09-20 18:10:00,5.18,5.26,5.16,5.18,55578308
2016-09-21 18:10:00,5.21,5.23,5.19,5.2,36985802
2016-09-22 18:10:00,5.25,5.32,5.23,5.32,82107696
2016-09-23 18:10:00,5.32,5.42,5.31,5.34,87951004
2016-09-26 18:10:00,5.15,5.15,5.09,5.12,59720120
2016-09-27 18:10:00,5.15,5.18,5.12,5.13,32994012
2016-09-28 18:10:00,5.15,5.19,5.14,5.16,35052391
2016-09-29 18:10:00,5.18,5.21,5.13,5.16,49035568
2016-09-30 18:10:00,5.14,5.16,5.13,5.14,22716072
2016-10-03 18:10:00,5.16,5.19,5.14,5.15,24385646
2016-10-04 18:10:00,5.16,5.19,5.13,5.14,40498507
2016-10-05 18:10:00,5.13,5.35,5.13,5.35,104147391
2016-10-06 18:10:00,5.38,5.42,5.31,5.31,66135410
2016-10-07 18:10:00,5.34,5.35,5.23,5.27,41844674
2016-10-10 18:10:00,5.31,5.37,5.28,5.33,72708348
2016-10-11 18:10:00,5.33,5.36,5.29,5.36,58373300
2016-10-12 18:10:00,5.4,5.45,5.38,5.44,79638023
2016-10-13 18:10:00,5.49,5.5,5.43,5.43,74927626
2016-10-14 18:10:00,5.45,5.46,5.38,5.42,36142237
2016-10-17 18:10:00,5.4,5.52,5.38,5.51,46787679
2016-10-18 18:10:00,5.52,5.57,5.47,5.55,75587991
2016-10-19 18:10:00,5.56,5.63,5.53,5.59,69943328
2016-10-20 18:10:00,5.62,5.71,5.59,5.64,69577214
2016-10-21 18:10:00,5.63,5.64,5.58,5.58,31156233
2016-10-24 18:10:00,5.62,5.74,5.61,5.71,45957697
2016-10-25 18:10:00,5.71,5.74,5.62,5.62,56208354
2016-10-26 18:10:00,5.63,5.65,5.56,5.59,34443882
2016-10-27 18:10:00,5.58,5.61,5.5,5.51,35350120
2016-10-28 18:10:00,5.51,5.52,5.44,5.47,23507072
2016-10-31 18:10:00,5.48,5.5,5.41,5.44,37845683
2016-11-01 18:10:00,5.46,5.53,5.37,5.37,61371414
2016-11-02 18:10:00,5.37,5.42,5.35,5.4,37466198
2016-11-03 18:10:00,5.41,5.44,5.32,5.34,39945145
2016-11-04 18:10:00,5.27,5.28,5.06,5.08,72635950
2016-11-07 18:10:00,5.18,5.3,5.15,5.3,56105608
2016-11-08 18:10:00,5.3,5.31,5.2,5.28,52595578
2016-11-09 18:10:00,5.13,5.37,5.12,5.35,58017248
2016-11-10 18:10:00,5.4,5.41,5.25,5.25,64102517
2016-11-11 18:10:00,5.25,5.29,5.21,5.22,31434497
2016-11-14 18:10:00,5.24,5.27,5.17,5.18,40523621
2016-11-15 18:10:00,5.2,5.24,5.19,5.23,27693709
2016-11-16 18:10:00,5.24,5.26,5.16,5.17,30860669
2016-11-17 18:10:00,5.19,5.22,5.13,5.14,31916198
2016-11-18 18:10:00,5.15,5.17,5.11,5.16,39635559
2016-11-21 18:10:00,5.24,5.33,5.22,5.26,73091655
2016-11-22 18:10:00,5.26,5.27,5.22,5.22,32544410
2016-11-23 18:10:00,5.25,5.25,5.09,5.12,40255431
2016-11-24 18:10:00,5.13,5.15,4.99,5.02,55858626
2016-11-25 18:10:00,5.02,5.07,4.98,5.04,34661412
2016-11-28 18:10:00,5.09,5.1,5.01,5.04,44535798
2016-11-29 18:10:00,5.04,5.04,4.95,4.96,48002190
2016-11-30 18:10:00,4.98,4.99,4.78,4.81,70671917
2016-12-01 18:10:00,4.82,4.83,4.54,4.63,73984893
2016-12-02 18:10:00,4.65,4.84,4.56,4.79,78278286
2016-12-05 18:10:00,4.77,4.78,4.67,4.71,66408349
2016-12-06 18:10:00,4.73,4.85,4.71,4.83,63422578
2016-12-07 18:10:00,4.84,4.9,4.78,4.87,78570732
2016-12-08 18:10:00,4.89,4.92,4.81,4.84,52451241
2016-12-09 18:10:00,4.86,4.87,4.78,4.78,45860033
2016-12-12 18:10:00,4.73,4.78,4.66,4.77,47303348
2016-12-13 18:10:00,4.78,4.83,4.75,4.81,54481445
2016-12-14 18:10:00,4.82,4.84,4.79,4.8,29790201
2016-12-15 18:10:00,4.78,4.97,4.76,4.96,70656228
2016-12-16 18:10:00,4.98,4.99,4.93,4.94,42635311
2016-12-19 18:10:00,4.95,5.04,4.94,5.01,59505299
2016-12-20 18:10:00,4.98,5.06,4.98,5.06,50540407
2016-12-21 18:10:00,5.08,5.09,5.03,5.05,30426913
2016-12-22 18:10:00,5.07,5.07,4.98,4.99,27510161
2016-12-23 18:10:00,4.99,5.02,4.94,4.94,21449395
2016-12-26 18:10:00,4.95,4.99,4.94,4.97,6291986
2016-12-27 18:10:00,4.97,4.98,4.91,4.95,21665982
2016-12-28 18:10:00,4.95,5.04,4.93,5.04,39649705
2016-12-29 18:10:00,5.04,5.06,5.0,5.03,26308311
2016-12-30 18:10:00,5.04,5.05,4.99,5.01,29718186
2017-01-02 18:10:00,4.97,5.0,4.95,4.97,24251357
2017-01-03 18:10:00,4.98,4.99,4.88,4.88,55625678
2017-01-04 18:10:00,4.9,4.91,4.82,4.82,30165919
2017-01-05 18:10:00,4.85,4.98,4.79,4.96,85510308
2017-01-06 18:10:00,4.94,5.0,4.91,4.94,44002092
2017-01-09 18:10:00,4.91,4.91,4.85,4.88,38009750
2017-01-10 18:10:00,4.88,4.89,4.82,4.83,47291500
2017-01-11 18:10:00,4.81,4.85,4.76,4.82,60300078
2017-01-12 18:10:00,4.84,5.02,4.83,4.97,106365973
2017-01-13 18:10:00,4.97,5.11,4.95,5.01,129879312
2017-01-16 18:10:00,5.03,5.15,5.03,5.1,82509776
2017-01-17 18:10:00,5.14,5.18,5.07,5.17,101493152
2017-01-18 18:10:00,5.21,5.25,5.18,5.22,81275991
2017-01-19 18:10:00,5.23,5.25,5.13,5.15,60375901
2017-01-20 18:10:00,5.16,5.2,5.12,5.19,57942365
2017-01-23 18:10:00,5.21,5.24,5.17,5.2,44553931
2017-01-24 18:10:00,5.21,5.5,5.18,5.5,157579551
2017-01-25 18:10:00,5.52,5.57,5.36,5.36,97112397
2017-01-26 18:10:00,5.38,5.53,5.36,5.47,85224966
2017-01-27 18:10:00,5.45,5.49,5.35,5.35,69446785
2017-01-30 18:10:00,5.37,5.64,5.37,5.6,141462491
2017-01-31 18:10:00,5.61,5.67,5.52,5.54,128213636
2017-02-01 18:10:00,5.56,5.66,5.51,5.65,85062349
2017-02-02 18:10:00,5.67,5.74,5.65,5.68,118433355
2017-02-03 18:10:00,5.67,5.71,5.63,5.68,66699496
2017-02-06 18:10:00,5.74,5.78,5.6,5.6,94495870
2017-02-07 18:10:00,5.6,5.61,5.52,5.56,66705849
2017-02-08 18:10:00,5.58,5.76,5.57,5.75,109732700
2017-02-09 18:10:00,5.77,5.82,5.7,5.75,97091012
2017-02-10 18:10:00,5.77,5.79,5.58,5.58,67242935
2017-02-13 18:10:00,5.63,5.75,5.61,5.72,67618461
2017-02-14 18:10:00,5.75,5.78,5.69,5.74,90518021
2017-02-15 18:10:00,5.69,5.7,5.58,5.64,90676048
2017-02-16 18:10:00,5.66,5.73,5.65,5.68,55173132
2017-02-17 18:10:00,5.69,5.72,5.67,5.71,45638661
2017-02-20 18:10:00,5.74,5.79,5.71,5.72,55794490
2017-02-21 18:10:00,5.73,5.76,5.72,5.72,26441973
2017-02-22 18:10:00,5.74,5.8,5.69,5.71,60441587
2017-02-23 18:10:00,5.73,5.78,5.71,5.74,52381298
2017-02-24 18:10:00,5.76,5.79,5.63,5.65,86486859
2017-02-27 18:10:00,5.67,5.67,5.53,5.54,44463398
2017-02-28 18:10:00,5.55,5.56,5.41,5.46,61998144
2017-03-01 18:10:00,5.46,5.69,5.45,5.68,89428635
2017-03-02 18:10:00,5.7,5.76,5.66,5.71,69331347
2017-03-03 18:10:00,5.71,5.75,5.67,5.7,57784289
2017-03-06 18:10:00,5.73,5.76,5.68,5.7,57166318
2017-03-07 18:10:00,5.73,5.73,5.65,5.66,49404054
2017-03-08 18:10:00,5.68,5.69,5.54,5.57,45885032
2017-03-09 18:10:00,5.57,5.6,5.51,5.51,35153348
2017-03-10 18:10:00,5.54,5.63,5.53,5.61,43482038
2017-03-13 18:10:00,5.66,5.69,5.61,5.65,67295326
2017-03-14 18:10:00,5.67,5.82,5.61,5.81,120883379
2017-03-15 18:10:00,5.84,5.98,5.8,5.86,124455800
2017-03-16 18:10:00,5.92,5.99,5.89,5.92,88356819
2017-03-17 18:10:00,5.95,5.97,5.84,5.89,59403014
2017-03-20 18:10:00,5.87,5.94,5.86,5.91,50495263
2017-03-21 18:10:00,5.93,5.93,5.73,5.74,102280906
2017-03-22 18:10:00,5.66,5.66,5.48,5.5,139781086
2017-03-23 18:10:00,5.52,5.56,5.43,5.49,110079375
2017-03-24 18:10:00,5.54,5.57,5.49,5.53,94094135
2017-03-27 18:10:00,5.52,5.6,5.51,5.54,75354089
2017-03-28 18:10:00,5.56,5.62,5.54,5.55,92482303
2017-03-29 18:10:00,5.48,5.52,5.46,5.46,55660568
2017-03-30 18:10:00,5.5,5.51,5.46,5.47,31209850
2017-03-31 18:10:00,5.48,5.53,5.45,5.47,41682864
2017-04-03 18:10:00,5.48,5.49,5.4,5.4,37949376
2017-04-04 18:10:00,5.4,5.52,5.38,5.5,57243363
2017-04-05 18:10:00,5.5,5.52,5.46,5.48,26777156
2017-04-06 18:10:00,5.46,5.49,5.44,5.45,35995948
2017-04-07 18:10:00,5.44,5.47,5.42,5.43,33130138
2017-04-10 18:10:00,5.46,5.65,5.45,5.59,96415523
2017-04-11 18:10:00,5.6,5.63,5.55,5.55,76804058
2017-04-12 18:10:00,5.58,5.61,5.56,5.56,35563219
2017-04-13 18:10:00,5.58,5.6,5.45,5.45,60707551
2017-04-14 18:10:00,5.45,5.51,5.42,5.48,44819595
2017-04-17 18:10:00,5.54,5.6,5.5,5.53,51755155
2017-04-18 18:10:00,5.52,5.57,5.52,5.55,45025026
2017-04-19 18:10:00,5.57,5.61,5.48,5.51,76709048
2017-04-20 18:10:00,5.55,5.6,5.55,5.59,56581353
2017-04-21 18:10:00,5.63,5.68,5.59,5.67,83133462
2017-04-24 18:10:00,5.72,5.95,5.72,5.92,148247840
2017-04-25 18:10:00,5.94,5.95,5.82,5.92,78487561
2017-04-26 18:10:00,5.93,6.18,5.9,6.1,157050315
2017-04-27 18:10:00,6.12,6.22,6.06,6.06,109430336
2017-04-28 18:10:00,6.08,6.14,6.0,6.06,81375856
2017-05-02 18:10:00,6.1,6.14,6.06,6.07,58303289
2017-05-03 18:10:00,6.08,6.16,6.07,6.11,70331217
2017-05-04 18:10:00,6.12,6.19,6.11,6.14,59631676
2017-05-05 18:10:00,6.15,6.19,6.12,6.13,48232716
2017-05-08 18:10:00,6.15,6.51,6.14,6.43,187266224
2017-05-09 18:10:00,6.45,6.5,6.39,6.44,92639532
2017-05-10 18:10:00,6.41,6.76,6.39,6.65,94291450
2017-05-11 18:10:00,6.69,6.73,6.47,6.5,106261633
2017-05-12 18:10:00,6.51,6.62,6.48,6.5,58116651
2017-05-15 18:10:00,6.61,6.67,6.57,6.66,63044834
2017-05-16 18:10:00,6.68,6.78,6.66,6.72,85956162
2017-05-17 18:10:00,6.7,6.9,6.66,6.77,143966672
2017-05-18 18:10:00,6.73,6.79,6.64,6.69,67608278
2017-05-22 18:10:00,6.77,6.95,6.77,6.85,71461512
2017-05-23 18:10:00,6.85,7.09,6.83,7.08,97201045
2017-05-24 18:10:00,7.11,7.27,7.11,7.14,107128145
2017-05-25 18:10:00,7.16,7.34,7.14,7.29,86205183
2017-05-26 18:10:00,7.31,7.32,7.23,7.28,54351074
2017-05-29 18:10:00,7.3,7.36,7.27,7.31,40506317
2017-05-30 18:10:00,7.32,7.33,7.18,7.24,69721401
2017-05-31 18:10:00,7.29,7.34,7.21,7.24,54045301
2017-06-01 18:10:00,7.26,7.27,7.09,7.15,55988593
2017-06-02 18:10:00,7.23,7.31,7.15,7.27,79796632
2017-06-05 18:10:00,7.31,7.48,7.22,7.42,137863326
2017-06-06 18:10:00,7.45,7.55,7.36,7.49,76964160
2017-06-07 18:10:00,7.5,7.61,7.4,7.42,100217616
2017-06-08 18:10:00,7.46,7.47,7.31,7.33,61319487
2017-06-09 18:10:00,7.35,7.46,7.35,7.39,52816212
2017-06-12 18:10:00,7.41,7.48,7.34,7.38,48413738
2017-06-13 18:10:00,7.43,7.44,7.24,7.31,70633097
2017-06-14 18:10:00,7.33,7.45,7.31,7.44,65364358
2017-06-15 18:10:00,7.43,7.47,7.33,7.36,42631247
2017-06-16 18:10:00,7.38,7.43,7.27,7.27,39241994
2017-06-19 18:10:00,7.33,7.45,7.33,7.45,42088929
2017-06-20 18:10:00,7.5,7.51,7.36,7.41,46137331
2017-06-21 18:10:00,7.42,7.48,7.37,7.45,42138310
2017-06-22 18:10:00,7.5,7.6,7.49,7.6,48057662
2017-06-23 18:10:00,7.62,7.77,7.58,7.77,49699745
2017-06-28 18:10:00,7.75,8.03,7.74,7.99,80711741
2017-06-29 18:10:00,8.02,8.13,7.65,7.81,96468570
2017-06-30 18:10:00,7.84,8.07,7.84,8.05,74052318
2017-07-03 18:10:00,8.1,8.16,8.06,8.06,52676285
2017-07-04 18:10:00,8.17,8.45,8.13,8.35,123668794
2017-07-05 18:10:00,8.38,8.39,8.21,8.23,62350720
2017-07-06 18:10:00,8.23,8.37,8.17,8.31,90360751
2017-07-07 18:10:00,8.32,8.55,8.31,8.38,83307473
2017-07-10 18:10:00,8.46,8.75,8.45,8.67,92005255
2017-07-11 18:10:00,8.7,8.76,8.56,8.62,94614213
2017-07-12 18:10:00,8.67,8.7,8.57,8.6,55706412
2017-07-13 18:10:00,8.62,8.8,8.61,8.76,64693981
2017-07-14 18:10:00,8.82,8.87,8.75,8.83,55505250
2017-07-17 18:10:00,8.86,9.05,8.84,8.94,54400838
2017-07-18 18:10:00,8.93,8.94,8.8,8.86,61617346
2017-07-19 18:10:00,8.91,9.15,8.91,8.96,80527513
2017-07-20 18:10:00,9.0,9.01,8.72,8.74,104786251
2017-07-21 18:10:00,8.69,8.86,8.61,8.84,98546707
2017-07-24 18:10:00,8.87,8.95,8.84,8.84,56438884
2017-07-25 18:10:00,8.89,8.9,8.76,8.79,49248838
2017-07-26 18:10:00,8.78,8.84,8.69,8.69,40594046
2017-07-27 18:10:00,8.76,8.82,8.74,8.78,50825711
2017-07-28 18:10:00,8.75,8.75,8.62,8.66,52581578
2017-07-31 18:10:00,8.69,8.83,8.68,8.83,51914737
2017-08-01 18:10:00,8.86,8.89,8.64,8.64,55093249
2017-08-02 18:10:00,8.66,8.74,8.63,8.66,53267109
2017-08-03 18:10:00,8.69,8.72,8.62,8.67,53278504
2017-08-04 18:10:00,8.68,8.87,8.68,8.87,65356417
2017-08-07 18:10:00,8.96,9.07,8.95,9.07,59802620
2017-08-08 18:10:00,9.09,9.1,9.01,9.05,46048788
2017-08-09 18:10:00,9.02,9.02,8.89,8.92,42697651
2017-08-10 18:10:00,8.94,9.0,8.84,8.84,34587419
2017-08-11 18:10:00,8.89,9.0,8.73,9.0,76727779
2017-08-14 18:10:00,9.06,9.65,9.05,9.5,122897599
2017-08-15 18:10:00,9.55,9.85,9.17,9.28,102502124
2017-08-16 18:10:00,9.29,9.46,9.08,9.3,103490807
2017-08-17 18:10:00,9.41,9.43,9.29,9.3,72932722
2017-08-18 18:10:00,9.2,9.3,9.13,9.26,47579867
2017-08-21 18:10:00,9.23,9.4,9.23,9.39,44472813
2017-08-22 18:10:00,9.43,9.61,9.32,9.56,90021018
2017-08-23 18:10:00,9.56,9.61,9.45,9.46,62489620
2017-08-24 18:10:00,9.47,9.85,9.47,9.52,79180496
2017-08-25 18:10:00,9.6,9.72,9.59,9.66,66512202
2017-08-28 18:10:00,9.7,10.0,9.7,9.88,64788374
2017-08-29 18:10:00,9.88,9.88,9.71,9.77,47377429
2017-08-31 12:35:00,9.78,9.8,9.75,9.76,11517262
2017-09-05 18:10:00,9.82,9.9,9.7,9.71,47206394
2017-09-06 18:10:00,9.72,9.85,9.65,9.83,45483893
2017-09-07 18:10:00,9.82,10.35,9.8,10.04,85072095
2017-09-08 18:10:00,10.07,10.09,9.65,9.89,48890239
2017-09-11 18:10:00,9.97,10.24,9.85,10.23,84392561
2017-09-12 18:10:00,10.25,10.65,10.13,10.47,114034940
2017-09-13 18:10:00,10.41,10.41,10.03,10.03,61000951
2017-09-14 18:10:00,10.03,10.13,9.88,9.92,56402295
2017-09-15 18:10:00,9.93,10.04,9.8,9.81,65613918
2017-09-18 18:10:00,9.85,9.87,9.26,9.27,104645446
2017-09-19 18:10:00,9.27,9.53,9.07,9.21,109886219
2017-09-20 18:10:00,9.3,9.39,9.06,9.32,97547465
2017-09-21 18:10:00,9.25,9.42,9.22,9.24,79615626
2017-09-22 18:10:00,9.3,9.38,9.22,9.38,71632124
2017-09-25 18:10:00,9.3,9.32,8.77,8.77,122907519
2017-09-26 18:10:00,8.9,9.07,8.78,9.0,110735263
2017-09-27 18:10:00,8.99,9.04,8.54,8.6,115258204
2017-09-28 18:10:00,8.64,8.94,8.62,8.91,101138258
2017-09-29 18:10:00,8.95,8.97,8.73,8.75,91103473
2017-10-02 18:10:00,8.77,9.07,8.76,9.06,75131322
2017-10-03 18:10:00,9.07,9.11,8.88,8.94,88414881
2017-10-04 18:10:00,9.02,9.27,9.01,9.18,132054765
2017-10-05 18:10:00,9.19,9.27,9.08,9.14,67631706
2017-10-06 18:10:00,9.14,9.3,9.07,9.29,95893045
2017-10-09 18:10:00,8.27,8.68,8.27,8.43,230924309
2017-10-10 18:10:00,8.69,8.72,8.56,8.66,156431577
2017-10-11 18:10:00,8.64,9.01,8.58,8.85,259404166
2017-10-12 18:10:00,9.08,9.13,8.98,9.13,126379851
2017-10-13 18:10:00,9.13,9.24,9.08,9.15,133895357
2017-10-16 18:10:00,9.23,9.35,9.2,9.35,114213677
2017-10-17 18:10:00,9.36,9.58,9.35,9.49,94939271
2017-10-18 18:10:00,9.58,9.64,9.5,9.6,91942379
2017-10-19 18:10:00,9.63,9.95,9.6,9.94,113204147
2017-10-20 18:10:00,9.99,10.33,9.84,9.88,147754719
2017-10-23 18:10:00,9.86,10.08,9.74,9.88,125368788
2017-10-24 18:10:00,9.98,10.33,9.88,9.88,113611498
2017-10-25 18:10:00,9.9,10.18,9.9,10.04,91852892
2017-10-26 18:10:00,10.08,10.23,9.87,9.87,109084073
2017-10-27 18:10:00,9.89,10.11,9.88,10.1,103096370
2017-10-30 18:10:00,10.27,10.34,10.15,10.21,84953514
2017-10-31 18:10:00,10.25,10.47,10.23,10.38,89557627
2017-11-01 18:10:00,10.43,10.84,10.41,10.51,116433118
2017-11-02 18:10:00,10.63,10.66,10.4,10.46,62675285
2017-11-03 18:10:00,10.46,10.6,10.31,10.43,73820198
2017-11-06 18:10:00,10.53,11.6,10.49,11.05,134699720
2017-11-07 18:10:00,11.05,11.16,10.58,10.58,153533172
2017-11-08 18:10:00,10.7,10.76,10.22,10.55,160738975
2017-11-09 18:10:00,10.83,10.86,10.38,10.51,150392662
2017-11-10 18:10:00,10.54,10.57,9.96,10.01,136746061
2017-11-13 18:10:00,10.06,10.09,9.63,9.79,166293515
2017-11-14 18:10:00,9.77,10.5,9.74,10.44,165192933
2017-11-15 18:10:00,10.45,10.69,9.86,10.1,173993061
2017-11-16 18:10:00,10.13,10.32,9.94,10.1,92237415
2017-11-17 18:10:00,10.2,10.5,10.01,10.46,131104571
2017-11-20 18:10:00,10.47,10.48,10.08,10.27,101801744
2017-11-21 18:10:00,10.2,10.81,10.17,10.8,154081385
2017-11-22 18:10:00,10.79,11.38,10.63,11.1,163661398
2017-11-23 18:10:00,11.13,11.29,11.0,11.25,107529626
2017-11-24 18:10:00,11.18,11.6,11.15,11.39,124410510
2017-11-27 18:10:00,11.43,12.05,11.38,11.84,144807476
2017-11-28 18:10:00,11.85,12.23,11.18,11.18,174746328
2017-11-29 18:10:00,11.2,12.01,11.19,11.9,166635264
2017-11-30 18:10:00,12.15,12.45,12.04,12.26,115457584
2017-12-01 18:10:00,12.31,12.55,12.0,12.5,64211947
2017-12-04 18:10:00,12.54,12.74,12.45,12.72,63245907
2017-12-05 18:10:00,12.79,12.82,12.25,12.8,94019416
2017-12-06 18:10:00,12.84,12.84,12.57,12.73,49289327
2017-12-07 18:10:00,12.75,13.35,12.55,13.31,84192806
2017-12-08 18:10:00,13.38,13.63,13.05,13.59,65721666
2017-12-11 18:10:00,13.67,13.76,13.05,13.42,64226805
2017-12-12 18:10:00,13.42,14.03,13.15,13.9,74162194
2017-12-13 18:10:00,13.91,13.97,13.64,13.65,39729021
2017-12-14 18:10:00,13.78,14.51,13.77,14.41,84543232
2017-12-15 18:10:00,14.47,15.25,14.18,14.26,53054159
2017-12-18 18:10:00,14.36,14.74,14.36,14.63,51812912
2017-12-19 18:10:00,14.68,14.89,14.59,14.89,54595240
2017-12-20 18:10:00,14.89,15.15,13.75,15.15,39637318
2017-12-21 18:10:00,15.21,15.65,14.0,15.44,83624388
2017-12-22 18:10:00,15.7,15.77,15.08,15.15,57202931
2017-12-25 18:10:00,15.25,15.33,14.72,15.0,37639779
2017-12-26 18:10:00,15.09,15.14,14.25,15.12,22520369
2017-12-27 18:10:00,15.11,15.44,14.77,15.38,53431533
2017-12-28 18:10:00,15.43,15.82,15.42,15.72,59214770
2017-12-29 18:10:00,15.75,15.99,15.55,15.69,40896302
2018-01-02 18:10:00,15.79,16.18,15.67,16.08,44253261
2018-01-03 18:10:00,16.05,16.23,15.92,16.2,40100544
2018-01-04 18:10:00,16.2,16.55,16.0,16.29,54106099
2018-01-05 18:10:00,16.44,16.55,15.75,16.33,55516943
2018-01-08 18:10:00,16.53,16.55,16.29,16.29,28138834
2018-01-09 18:10:00,16.29,16.45,16.1,16.1,34728669
2018-01-10 18:10:00,16.1,16.1,15.25,15.25,68644193
2018-01-11 18:10:00,15.38,15.66,15.06,15.66,63824139
2018-01-12 18:10:00,15.75,15.93,15.48,15.5,49177916
2018-01-15 18:10:00,15.27,15.55,14.62,14.63,49857702
2018-01-16 18:10:00,14.62,15.5,14.58,15.5,80246276
2018-01-17 18:10:00,15.53,15.75,15.34,15.45,64203570
2018-01-18 18:10:00,15.6,15.62,15.32,15.36,48991448
2018-01-19 18:10:00,15.36,15.56,14.95,14.99,45915887
2018-01-22 18:10:00,15.16,15.44,15.12,15.41,38888549
2018-01-23 18:10:00,15.5,15.83,15.49,15.62,54491781
2018-01-24 18:10:00,15.65,15.77,14.85,15.51,38598248
2018-01-25 18:10:00,15.52,15.63,14.85,15.19,38024168
2018-01-26 18:10:00,15.34,15.46,15.08,15.41,35999103
2018-01-29 18:10:00,15.68,15.72,15.4,15.66,38264101
2018-01-30 18:10:00,15.53,15.81,15.48,15.7,56132796
2018-01-31 18:10:00,15.77,16.48,15.72,16.48,77188022
2018-02-01 18:10:00,16.59,17.07,16.56,16.78,61657333
2018-02-02 18:10:00,16.85,16.97,16.62,16.63,37643953
2018-02-05 18:10:00,16.5,18.05,16.33,17.31,87677710
2018-02-06 18:10:00,16.91,17.45,16.48,17.13,84421782
2018-02-07 18:10:00,17.3,17.43,16.58,16.66,61477053
2018-02-08 18:10:00,16.75,16.9,16.15,16.15,41628965
2018-02-09 18:10:00,15.99,17.02,15.85,16.91,87393284
2018-02-12 18:10:00,17.08,17.55,17.0,17.18,63062673
2018-02-13 18:10:00,17.35,17.4,16.88,16.9,46379263
2018-02-14 18:10:00,17.09,17.12,16.44,16.51,50019729
2018-02-15 18:10:00,16.79,17.28,16.79,17.22,53985089
2018-02-16 18:10:00,17.31,17.44,17.13,17.31,40462497
2018-02-19 18:10:00,17.24,17.42,17.03,17.18,40588395
2018-02-20 18:10:00,17.28,17.45,16.7,16.7,48594760
2018-02-21 18:10:00,17.07,18.55,16.98,17.65,77518171
2018-02-22 18:10:00,17.67,18.55,17.57,17.69,50277044
2018-02-23 18:10:00,17.81,20.0,17.76,18.27,69202762
2018-02-26 18:10:00,18.44,19.0,18.18,18.92,53083527
2018-02-27 18:10:00,18.92,18.92,18.58,18.66,37589817
2018-02-28 18:10:00,18.58,19.07,18.55,19.07,50714278
2018-03-01 18:10:00,19.08,19.56,18.87,19.54,62049962
2018-03-02 18:10:00,19.48,19.57,18.65,18.75,55279035
2018-03-05 18:10:00,18.81,19.11,18.65,18.73,33886749
2018-03-06 18:10:00,18.44,18.44,17.07,17.2,148834666
2018-03-07 18:10:00,17.22,17.62,17.1,17.37,102074391
2018-03-08 18:10:00,17.48,17.54,16.85,16.87,70086622
2018-03-09 18:10:00,16.94,17.13,16.66,16.7,55372329
2018-03-12 18:10:00,16.86,17.57,16.8,17.54,85463273
2018-03-13 18:10:00,17.55,18.11,17.37,18.0,85469062
2018-03-14 18:10:00,18.05,19.33,18.01,18.35,81131366
2018-03-15 18:10:00,18.45,18.6,18.09,18.17,54123128
2018-03-16 18:10:00,18.24,18.42,18.12,18.29,41584558
2018-03-19 18:10:00,18.32,18.34,17.35,17.88,38843231
2018-03-20 18:10:00,18.01,18.86,17.91,18.86,97352251
2018-03-21 18:10:00,18.95,19.33,18.74,18.9,53942589
2018-03-22 18:10:00,19.04,19.15,18.78,18.8,49983913
2018-03-23 18:10:00,18.45,18.95,18.39,18.87,39238391
2018-03-26 18:10:00,19.0,19.55,18.98,19.21,77127882
2018-03-27 18:10:00,19.6,19.6,18.9,18.94,47078614
2018-03-28 18:10:00,18.94,19.14,18.39,18.58,57512439
2018-03-29 18:10:00,18.65,19.41,18.57,19.41,62375351
2018-03-30 18:10:00,19.45,19.66,19.05,19.11,48407506
2018-04-02 18:10:00,19.18,19.24,19.0,19.04,25578798
2018-04-03 18:10:00,19.09,19.66,19.02,19.43,78159144
2018-04-04 18:10:00,19.47,19.53,19.11,19.36,48108542
2018-04-05 18:10:00,19.4,19.85,19.11,19.46,56326982
2018-04-06 18:10:00,19.41,20.0,19.38,19.67,61323383
2018-04-09 18:10:00,19.8,20.02,19.47,19.77,50325186
2018-04-10 18:10:00,19.87,19.89,18.89,19.22,65186738
2018-04-11 18:10:00,19.13,19.53,17.45,18.6,101851022
2018-04-12 18:10:00,18.6,18.87,18.0,18.59,78613376
2018-04-13 18:10:00,18.71,18.76,18.1,18.26,46993012
2018-04-16 18:10:00,18.34,19.15,18.34,19.15,56153924
2018-04-17 18:10:00,19.3,19.46,18.01,18.2,103690770
2018-04-18 18:10:00,18.2,19.06,17.78,19.05,124347703
2018-04-19 18:10:00,19.06,19.33,18.64,18.87,64050615
2018-04-20 18:10:00,18.85,18.85,18.08,18.25,64733541
2018-04-24 18:10:00,18.22,18.28,17.45,17.52,65306179
2018-04-25 18:10:00,17.59,17.94,16.86,17.25,91336688
2018-04-26 18:10:00,17.33,17.47,16.89,17.06,62961709
2018-04-27 18:10:00,17.16,17.6,16.98,17.42,76622104
2018-04-30 18:10:00,17.5,17.55,16.62,16.71,43944460
2018-05-03 18:10:00,17.08,17.08,16.68,16.75,47505329
2018-05-04 18:10:00,16.76,17.15,16.43,16.5,64817090
2018-05-07 18:10:00,16.5,16.81,16.37,16.58,45238431
2018-05-08 18:10:00,16.67,16.71,15.96,16.02,45118176
2018-05-09 18:10:00,15.97,16.62,15.46,16.5,63527497
2018-05-10 18:10:00,16.92,17.06,16.37,16.47,65197049
2018-05-11 18:10:00,16.45,16.6,16.3,16.3,34482034
2018-05-14 18:10:00,16.33,16.92,16.27,16.8,41401147
2018-05-15 18:10:00,16.66,16.83,16.43,16.7,35650646
2018-05-16 18:10:00,16.7,16.84,16.49,16.5,35326064
2018-05-17 18:10:00,16.56,16.66,16.22,16.25,30482685
2018-05-18 18:10:00,16.33,16.5,16.16,16.35,21412016
2018-05-21 18:10:00,16.28,16.92,16.24,16.9,45044737
2018-05-22 18:10:00,17.0,17.04,16.55,16.75,39606471
2018-05-23 18:10:00,16.66,16.78,16.39,16.66,38607068
2018-05-24 18:10:00,16.9,16.93,15.63,15.66,54703758
2018-05-25 18:10:00,15.95,16.62,15.56,16.58,74549352
2018-05-28 18:10:00,16.89,17.55,16.83,17.55,62346949
2018-05-29 18:10:00,17.53,17.58,17.27,17.46,37891097
2018-05-30 18:10:00,17.48,17.64,17.28,17.32,37656808
2018-05-31 18:10:00,17.41,17.49,16.39,16.65,50946942
2018-06-01 18:10:00,16.69,16.75,16.34,16.55,32959076
2018-06-04 18:10:00,16.55,16.73,16.23,16.3,32767782
2018-06-05 18:10:00,16.39,16.52,15.9,16.0,28729428
2018-06-06 18:10:00,16.1,16.13,15.07,15.27,57349007
2018-06-07 18:10:00,15.21,15.53,14.97,15.15,59643494
2018-06-08 18:10:00,15.1,15.1,13.46,13.47,100122693
